31357,0.105591,0.0214514,78.342,156.642,-0.924504,0,
46228,0.0658569,0.0116462,94.8863,134.123,0.714068,0,
30505,0.244904,0.0659956,101.118,122.816,0.476078,0,
49556,0.330597,0.0654035,90.8628,90.3597,0.410904,0,
28480,0.0510864,0.0154088,84.6509,75.8433,2.44984,0,
20040,0.148743,0.037778,52.4367,92.1582,-0.413441,0,
20101,0.181244,0.0451643,77.721,131.769,-1.18989,0,
32633,0.183716,0.0394077,74.8839,114.824,2.5814,0,
18851,0.132019,0.0410266,64.8483,182.686,1.97202,0,
26946,0.184326,0.0432214,73.5769,119.091,-1.28895,0,
25742,0.121887,0.0270155,61.9087,104.08,0.61561,0,
53942,0.140076,0.0255076,118.414,33.5602,2.53262,0,
41894,0.228516,0.0511359,91.502,197.579,-1.65383,0,
45421,0.274139,0.0678856,93.9917,154.004,0.679981,0,
54732,0.0994263,0.0253483,130.107,72.755,-0.392357,0,
49300,0.0727844,0.0144429,77.9446,82.1878,1.17682,0,
51002,0.0610962,0.0147857,97.4301,146.353,-0.699401,0,
42042,0.103088,0.0252394,64.028,143.69,-0.188835,0,
46542,0.0924377,0.0183555,79.562,60.7276,0.322214,0,
52978,0.0609131,0.013042,71.0484,127.38,0.434521,0,
8120,0.581329,0.138187,44.8544,95.5978,0.473252,0,
7607,0.71817,0.158964,42.5696,209.675,2.87049,0,
7315,0.785156,0.215521,45.126,216.102,-0.125907,0,
31634,0.161682,0.0340057,69.862,161.924,1.68498,0,
38828,0.361115,0.0560915,109.448,111.68,-0.317012,0,
34218,0.384644,0.0675192,123.394,67.7208,0.48278,0,
44954,0.472351,0.0746937,125.455,31.7595,-3.64485,0,
58840,0.609894,0.0869591,122.947,64.5058,-0.838578,0,
51233,0.492493,0.0844879,118.958,50.5767,0.973032,0,
19895,0.277313,0.0540365,98.5888,58.3893,0.0356172,0,
19317,1,0.258343,71.5466,142.715,2.06826,0,
23073,1,0.2445,74.8204,156.168,0.55066,0,
7658,0.306671,0.0615001,35.2652,146.718,-1.3919,0,
5846,0.36377,0.103424,33.2251,232.789,-0.531117,0,
4860,0.479095,0.131284,50.7591,133.113,1.73092,0,
44665,0.999969,0.271294,89.6607,66.2458,-0.174205,0,
39794,1,0.294567,104.487,132.041,0.328087,0,
41357,1,0.281054,111.319,94.9032,2.25435,0,
22074,1,0.361124,82.0965,112.292,-0.93658,0,
28537,1,0.323175,73.0613,142.627,-1.08049,0,
28039,0.700226,0.157746,78.3221,72.4174,3.15645,0,
26139,0.62561,0.131971,62.0035,66.4033,2.24658,0,
28075,0.589905,0.134139,81.0646,85.8659,0.747605,0,
34163,0.378082,0.121032,76.6927,109.304,1.10796,0,
35148,0.245178,0.0535566,110.899,72.7231,0.181793,0,
32930,0.215027,0.0588352,73.7045,144.053,0.937024,0,
56506,0.442169,0.0961147,119.757,110.328,1.9899,0,
62887,0.518311,0.123731,155.892,181.397,-1.10081,0,
42484,0.53067,0.131428,73.2232,138.587,2.44074,0,
29978,0.80484,0.196864,81.7646,110.998,0.616176,0,
29580,0.738708,0.18335,78.7034,144.058,-0.0466503,0,
25739,0.610321,0.161336,84.6147,158.086,1.47058,0,
13907,0.269745,0.0675313,48.6486,152.866,1.5679,0,
16972,0.377228,0.0934133,75.6264,129.483,0.746709,0,
16767,0.360107,0.0900763,62.6019,160.181,0.260165,0,
16094,1,0.292977,53.3504,88.0882,-1.04361,0,
16859,1,0.265386,52.232,75.7878,0.812468,0,
53374,0.45932,0.096613,73.1817,91.7807,1.61973,0,
52355,0.483643,0.0865138,133.237,102.63,0.650925,0,
38824,0.417786,0.0842609,114.67,68.4629,-1.21217,0,
39634,0.248108,0.0629107,83.9248,116.967,-4.29163,0,
24821,0.0636292,0.0175266,87.0957,93.0323,-2.29356,0,
51391,0.0354614,0.00993841,105.873,70.2295,-1.51651,0,
19894,0.528076,0.0641589,71.9608,230.907,0.752832,0,
27541,0.194153,0.040596,68.6056,122.32,0.786137,0,
47639,0.945099,0.239916,111.18,113.742,-0.195468,0,
41688,0.963287,0.271655,104.501,57.1828,0.0463096,0,
22847,0.863678,0.212261,46.6208,78.6343,-0.3532,1,
2952,0.20224,0.04072,44.2469,105.447,-1.15341,1,
2781,0.17276,0.0370789,33.6747,78.4135,-2.84091,1,
3680,0.240295,0.0388898,28.9804,139.563,1.79788,1,
15725,0.496368,0.106579,77.6683,89.2916,1.43461,1,
11675,0.592285,0.155187,80.0296,125.978,0.339089,1,
16572,0.468994,0.0966369,50.5525,112.529,-0.907061,1,
43446,0.780945,0.191533,114.196,53.8772,-0.281171,1,
33410,0.801086,0.217346,93.3402,67.5378,-1.54992,1,
54159,0.95459,0.170588,124.831,34.3482,-1.17825,1,
2276,0.62265,0.172252,29.8939,125.713,1.99184,1,
2468,0.857758,0.247188,18.7271,122.15,0.774617,1,
2316,0.563843,0.153278,46.7105,72.4518,0.547206,1,
27492,0.576538,0.120904,89.664,140.409,1.58063,1,
36614,0.595093,0.112803,60.2678,161.443,-0.0555254,1,
36268,0.655273,0.108305,99.9101,71.704,1.62057,1,
13889,0.702576,0.102858,76.2515,102.41,1.26721,1,
13524,0.759094,0.168514,54.4741,208.535,1.50593,1,
14472,0.952026,0.175062,72.72,82.9124,-0.632543,1,
10366,0.651306,0.211546,41.5372,199.943,-1.60307,1,
9183,0.752716,0.240713,45.4079,195.568,2.40713,1,
13996,0.490997,0.149825,56.8676,180.088,0.0301497,1,
1177,0.561493,0.149194,23.1232,131.911,-1.07805,1,
2412,0.595306,0.156398,35.9598,66.4167,-0.407221,1,
1406,0.659698,0.164105,18.5283,87.9721,-1.30974,1,
4626,0.818573,0.196308,30.4413,66.3737,-1.1741,1,
4462,0.893799,0.165623,27.3626,91.1747,2.81883,1,
4077,0.722961,0.124807,21.6031,97.5344,3.92505,1,
7322,0.402802,0.150313,52.2126,221.616,-1.11465,1,
19340,0.504181,0.104497,41.5011,86.3669,-0.0266015,1,
9683,0.569061,0.170903,43.9628,73.6993,0.73963,1,
42983,0.823334,0.140612,94.3414,138.826,1.19037,1,
45476,0.939758,0.153481,91.7416,101.939,0.512959,1,
46424,0.868256,0.13484,112.524,93.9112,2.00259,1,
9891,0.314392,0.0642023,64.0362,92.4638,-0.34455,1,
13835,0.381897,0.0866139,72.2875,113.066,0.554129,1,
31844,0.727997,0.171608,64.7214,126.216,-1.83211,1,
38917,0.667572,0.149063,86.7525,75.0647,2.70816,1,
39733,0.371216,0.0712916,51.9383,151.737,-0.766097,1,
13629,0.376587,0.0880054,89.2766,95.1814,0.51864,1,
15698,0.355621,0.0756012,55.567,147.195,4.4769,1,
15005,0.503754,0.0945833,63.4552,161.85,-0.00722104,1,
7045,0.606903,0.136786,47.6538,108.734,-0.67192,1,
6454,0.559753,0.144473,46.5659,75.6429,-0.35718,1,
4253,0.320618,0.0764866,52.3943,90.1036,-0.279436,1,
2122,0.474213,0.0892974,23.0848,190.21,1.94975,1,
1721,0.397247,0.0753445,27.5438,66.0212,0.0993757,1,
1667,0.40332,0.0826702,17.4263,191.298,0.680256,1,
25264,0.720154,0.127746,67.7599,111.072,1.62901,1,
25820,0.567017,0.117045,98.9139,50.4062,1.83358,1,
24587,0.650177,0.13178,70.1044,102.983,2.57314,1,
3845,0.521484,0.159392,37.9893,88.2929,-2.62486,1,
5850,0.674652,0.144772,50.4356,89.446,1.44259,1,
6369,0.694672,0.147038,43.1083,140.017,0.901142,1,
25725,0.46991,0.098418,57.4982,122.726,1.50236,1,
22237,0.514465,0.126554,69.1643,130.217,-0.968373,1,
27358,0.525604,0.0911779,66.1263,64.2597,1.40138,1,
19887,0.708435,0.243506,67.0245,216.435,-1.71265,1,
25266,0.849915,0.247872,90.529,191.586,-0.382984,1,
47393,0.556854,0.137898,120.855,132.595,4.15405,1,
47475,0.314545,0.0608462,89.5569,75.3979,-0.621582,1,
25707,0.432922,0.118681,81.8531,124.187,-3.19217,1,
42669,0.133942,0.0290877,83.3593,57.0319,-1.34003,1,
29608,0.848541,0.215875,79.3053,139.782,0.521839,1,
17769,0.846466,0.227387,111.196,78.4392,2.35962,1,
24429,0.695923,0.137059,78.7509,147.094,1.00219,1,
16435,0.43512,0.0715396,56.116,88.9794,-0.319192,1,
15870,0.245728,0.0539472,77.952,136.525,3.09537,1,
13335,0.2341,0.0434412,58.4678,191.092,-0.390979,1,
25554,0.293243,0.0815847,60.66,49.4754,2.00221,1,
42380,0.296692,0.0530265,93.1123,89.1303,-0.661339,1,
25733,0.441528,0.118664,57.718,180.491,0.0705228,1,
37053,0.563995,0.0990572,58.9938,64.8759,0.939053,1,
21234,0.20636,0.0590256,67.3566,73.439,-4.65619,1,
30419,0.529724,0.0849499,60.354,105.066,1.28908,1,
19156,0.193115,0.03169,77.3466,93.5902,-1.30918,1,
23710,0.203644,0.0320702,87.1789,85.9033,1.38324,1,
23445,0.207855,0.0355227,105.643,68.3596,-1.1715,1,
21382,0.261658,0.0545151,51.4865,78.0941,-3.15983,1,
34558,0.103271,0.0227397,68.644,105.146,0.227837,1,
25758,0.264587,0.046763,71.4746,87.1453,-1.16221,1,
28654,0.396271,0.087611,89.7853,87.7528,2.62522,1,
26751,0.501129,0.124475,118.779,69.4597,1.35813,1,
27979,0.381622,0.0887839,57.3739,144.014,1.15363,1,
34048,0.9646,0.332147,82.4459,97.2148,-0.222358,1,
37185,0.967987,0.33211,95.7857,86.5437,-0.472675,1,
36288,0.981262,0.343634,105.016,42.484,1.09872,1,
22464,0.478607,0.0788957,59.6841,155.588,-0.11605,1,
15538,0.446014,0.0990781,59.4419,79.3753,0.217977,1,
16526,0.755188,0.115584,61.42,85.8609,-0.117753,1,
40302,0.265808,0.044308,83.9239,72.0816,-1.9015,1,
32335,0.0886536,0.017472,98.4187,85.4825,0.503459,1,
8253,0.253204,0.0589639,52.0521,132.316,0.339276,1,
7615,0.425323,0.110701,49.1106,124.734,1.64711,1,
7868,0.582458,0.145125,42.5205,137.219,0.510048,1,
33597,0.52594,0.0776954,69.0031,92.7826,1.64693,1,
30212,0.438721,0.0626604,58.0358,100.126,0.8364,1,
23636,0.4729,0.0868782,54.2738,88.5422,2.69885,1,
63688,0.148956,0.0296005,136.213,67.5557,1.31322,2,
61878,0.137146,0.0301649,128.247,47.9657,0.992414,2,
52615,0.126251,0.0203027,101.495,36.4709,0.968298,2,
42786,0.100677,0.0228503,71.2013,87.0692,0.471083,2,
51672,0.0688782,0.0140131,110.271,59.7233,1.69124,2,
64758,0.336884,0.0706539,91.8071,66.9821,3.25514,2,
52867,0.254303,0.0554044,101.46,52.3552,0.702652,2,
64888,0.398407,0.0909815,96.7734,71.3098,3.6643,2,
38007,0.571442,0.11646,128.165,133.222,1.14043,2,
38479,0.272858,0.0752717,81.0617,136.009,-1.80164,2,
42236,0.230225,0.0558539,94.9984,143.345,0.65214,2,
63439,0.0526733,0.0146399,133.778,113.659,2.48194,2,
85031,0.0803833,0.0203866,109.26,148.432,1.47943,2,
52649,0.0859375,0.0193302,128.466,54.1489,2.38304,2,
53548,0.107635,0.0279301,117.525,38.3931,4.09407,2,
61394,0.203278,0.0389391,75.8379,154.642,1.11484,2,
55239,0.389923,0.0797778,107.349,105.017,5.37812,2,
25360,0.126556,0.0280916,63.9016,233.92,-1.7975,2,
32292,0.0743103,0.0146954,103.067,144.366,0.932091,2,
41773,0.133057,0.0229406,78.7484,68.9281,0.024842,2,
74589,0.253204,0.0555289,82.5543,110.589,-0.59535,2,
57415,0.29953,0.0821893,113.149,67.8967,1.55598,2,
77224,0.236389,0.0464256,126.115,128.352,2.1468,2,
34037,0.39035,0.108182,72.1899,194.951,2.62753,2,
49606,0.314301,0.0754726,70.7526,158.351,3.78576,2,
49478,0.534027,0.143915,101.73,116.485,0.63884,2,
44569,0.100464,0.0201539,92.9259,149.686,5.8242,2,
39590,0.114075,0.0251134,97.2111,78.5229,2.19323,2,
28577,0.19989,0.0620479,102.184,90.4436,0.00934383,2,
38879,0.171661,0.0411696,76.3926,145.013,-4.08499,2,
66997,0.15979,0.0342446,120.328,81.7873,-0.288003,2,
55954,0.140503,0.0207397,107.791,92.4403,-1.54776,2,
35778,0.0946655,0.0217951,94.368,87.4851,-0.372417,2,
40674,0.161194,0.0326568,100.156,75.1604,0.0234271,2,
26420,0.210358,0.0486528,112.866,69.7315,0.494456,2,
28785,0.217926,0.059896,73.2783,140.174,-0.681686,2,
52639,0.277496,0.0699754,118.447,111.663,0.65297,2,
31143,0.162842,0.0443192,61.4998,150.264,-1.33251,2,
36242,0.231079,0.0471217,95.6318,103.86,2.39395,2,
28158,0.221313,0.0509327,81.9484,108.876,0.712365,2,
76481,0.218781,0.0466112,133.762,50.5011,0.959427,2,
66517,0.1604,0.0333169,110.504,46.6277,0.710712,2,
66752,0.161041,0.0347346,144.92,171.199,2.02198,2,
54259,0.16156,0.0381785,123.248,81.6027,1.32932,2,
47854,0.12027,0.0211719,135.297,71.6327,1.26353,2,
53256,0.425385,0.0600335,90.2959,64.4359,1.17527,2,
50441,0.418915,0.0594065,88.9792,193.538,2.20994,2,
61284,0.210938,0.0382694,73.758,130.684,2.59997,2,
55347,0.359375,0.0477756,112.801,96.9294,2.50206,2,
60262,0.228699,0.047467,106.198,143.619,-2.51223,2,
54780,0.168579,0.0382664,114.369,52.8689,1.0493,2,
53363,0.175568,0.0412759,132.77,96.9862,0.993156,2,
29075,0.303772,0.0618292,91.7661,98.8519,0.43897,2,
45270,0.450653,0.103546,83.1096,131.777,1.37694,2,
30995,0.347595,0.0797088,96.3549,61.482,2.89529,2,
35995,0.485413,0.115991,87.9013,62.6817,1.92464,2,
32299,0.109619,0.0259079,73.9976,141.128,-0.107703,2,
30743,0.465179,0.100147,69.9788,83.2891,0.978235,2,
30608,0.0696411,0.0185048,71.5002,73.0632,0.0344236,2,
29541,0.113434,0.0260933,80.5474,103.069,0.928089,2,
60180,0.0761719,0.0180091,104.192,86.0438,0.503973,2,
67296,0.0596313,0.0126697,152.541,130.51,1.84224,2,
81975,0.0455933,0.0115183,119.638,93.8906,1.84323,2,
34313,0.779388,0.161192,81.2157,78.1531,-2.14843,2,
41508,0.399323,0.122339,99.3348,118.442,-1.82469,2,
35043,0.53598,0.127749,81.9888,117.236,-1.98511,2,
66195,0.0458679,0.0107092,113.824,67.3786,0.748931,2,
61292,0.0568542,0.0142584,132.462,99.1298,0.945282,2,
45310,0.0214539,0.00628125,125.179,88.2164,0.752336,2,
21805,0.568024,0.168448,72.3417,60.1151,0.658461,2,
25250,0.603882,0.147562,65.7245,72.8824,-1.26857,2,
26915,0.657867,0.17361,63.8758,74.0585,2.04435,2,
50537,0.109375,0.0286668,107.016,92.6903,3.49773,2,
36315,0.158997,0.0336065,77.8231,99.0135,1.33611,2,
44007,0.0854797,0.0204081,102.859,97.0516,0.652708,2,
7208,0.237244,0.0642687,43.9901,118.778,2.76196,2,
8644,0.384552,0.0930258,33.4091,143.714,0.39529,2,
9109,0.353119,0.0785399,40.7422,137.849,2.57256,2,
36277,0.455658,0.0854447,24.798,69.4578,1.10431,2,
29902,0.627716,0.112575,63.1942,79.0268,-1.05687,2,
17217,0.419708,0.0953017,48.7559,206.532,1.78711,2,
10562,0.623016,0.135965,51.6496,198.921,-0.353486,2,
33861,0.274231,0.0450165,94.2106,101.085,-0.0868975,2,
17863,0.574463,0.0987231,82.7842,70.6313,4.47262,2,
43881,0.302246,0.0427316,146.174,87.1107,0.00174429,2,
38996,0.355804,0.0537359,80.1614,172.338,0.00543803,2,
43306,1,0.111999,80.6565,119.723,-0.0925695,2,
23260,0.328491,0.0461036,62.3939,201.71,2.01812,2,
26104,0.216492,0.0487648,70.8991,208.45,3.06903,2,
24647,0.291565,0.0568217,42.0406,243.853,4.47295,2,
2905,0.537476,0.152166,23.5597,98.4801,-2.74452,2,
2485,0.408661,0.103457,25.3646,96.3535,-1.94828,2,
2760,0.589569,0.164046,25.3352,224.134,-0.172964,2,
1868,0.307526,0.0807182,44.1039,91.8292,-0.370417,2,
2794,0.281555,0.0715952,38.8479,122.939,-2.83655,2,
2137,0.361542,0.0940149,24.8633,104.205,0.251779,2,
18385,0.526764,0.110026,60.2976,160.045,0.862265,2,
17950,0.531921,0.115182,58.9622,112.581,-1.55285,2,
27239,0.636322,0.118998,67.1616,105.56,-1.27058,2,
38714,0.244598,0.0628507,78.1033,66.7513,4.35292,2,
26812,0.245728,0.0560621,83.571,101.647,4.02161,2,
35793,0.359192,0.0772894,90.4845,142.109,3.17015,2,
25517,0.401093,0.0841485,86.0885,62.8419,2.20259,2,
24147,0.351532,0.0852625,78.8705,111.082,0.709823,2,
34701,0.387878,0.0713744,80.4571,63.3098,-1.73516,2,
44768,0.542511,0.0919605,98.8934,171.443,-0.429474,2,
51346,0.389557,0.0707778,108.897,84.8008,1.44494,2,
44223,0.639832,0.117879,121.565,52.3534,0.98809,2,
33016,0.951599,0.213586,98.3697,84.0836,0.876032,3,
28884,0.329834,0.0515141,60.6877,235.897,1.20175,3,
30406,0.209625,0.0418702,66.3493,165.295,2.07787,3,
28961,0.334778,0.0740632,65.6403,133.619,-0.0514882,3,
23632,0.26413,0.0484593,72.0737,143.076,0.771279,3,
27788,0.218292,0.044613,86.1331,146.492,1.09439,3,
30195,0.302032,0.0480694,81.3845,97.921,0.783289,3,
15550,0.22937,0.0461162,52.2987,90.6901,-0.714235,3,
16013,0.225464,0.0415378,55.2623,108.018,0.417069,3,
20977,0.222656,0.0504189,48.7025,90.6665,0.189402,3,
30492,0.11499,0.0227499,100.904,117.426,-1.73553,3,
26422,0.138489,0.0279138,104.334,93.2383,0.381199,3,
30410,0.152191,0.026294,81.2598,144.48,1.59972,3,
48597,0.0451355,0.00978246,156.59,126.571,0.282672,3,
43761,0.0263367,0.00543874,90.4462,88.744,1.71473,3,
58467,0.0541687,0.0139133,141.158,83.7723,1.7957,3,
20243,0.14624,0.027031,69.3667,75.0263,-0.43384,3,
24968,0.511078,0.0603754,132.556,62.1587,1.36737,3,
21637,0.335815,0.05918,77.8526,98.6895,-0.417281,3,
32821,0.19812,0.0315516,71.8942,113.655,0.161792,3,
40308,0.0787659,0.0126207,68.7094,205.9,1.28109,3,
31183,0.0574646,0.014447,90.8727,69.3693,1.78636,3,
30495,0.21637,0.0406978,83.1442,150.97,0.274959,3,
30287,0.169312,0.033775,87.3015,145.547,0.471111,3,
30273,0.0967102,0.021053,89.7408,165.573,1.83454,3,
31822,0.204803,0.0330707,83.0512,119.627,0.0522685,3,
30794,0.143646,0.0373955,71.0183,222.817,2.28696,3,
38196,0.142426,0.0337882,90.3605,149.58,-1.58801,3,
45940,0.135803,0.0293954,92.0346,97.428,-0.182805,3,
36804,0.194305,0.0368532,94.136,146.071,1.81117,3,
47767,0.156555,0.0312931,115.781,53.5524,3.54819,3,
21460,0.140991,0.0300272,67.9546,137.48,2.79384,3,
31598,0.157745,0.0372391,54.9337,84.1232,0.395524,3,
28202,0.138336,0.0265264,94.0252,82.5977,1.68767,3,
29823,0.283173,0.044744,81.4595,122.294,0.776999,3,
20882,0.198975,0.0279421,45.4444,127.057,1.51301,3,
20471,0.0669861,0.0138828,85.8993,111.716,0.191325,3,
35482,0.401154,0.123429,68.5121,89.9785,0.805053,3,
34298,0.350769,0.10032,90.6833,113.776,1.52345,3,
37138,0.415558,0.106162,90.5518,98.9545,0.924147,3,
25304,0.186981,0.04839,77.4714,153.887,1.59372,3,
24434,0.171295,0.0350403,57.615,66.1745,2.37409,3,
25877,0.172424,0.0407077,83.7389,105.052,0.516214,3,
46695,0.337738,0.0477757,93.8506,79.0579,1.33012,3,
14821,0.163788,0.0166844,85.5246,82.5342,1.22392,3,
40468,0.418579,0.0599294,106.711,93.7909,1.72687,3,
32211,0.158875,0.023454,109.882,127.744,1.05321,3,
29875,0.21521,0.0323539,109.378,81.6907,0.306115,3,
26368,0.140228,0.0248272,75.6448,219.48,1.77662,3,
18711,0.350342,0.094565,61.3341,156.997,0.622221,3,
27649,0.73877,0.0803468,51.7462,66.304,2.06886,3,
18492,0.269257,0.0573391,77.4949,81.9419,1.24024,3,
18608,0.0837402,0.0134464,61.7042,94.8092,0.413361,3,
18655,0.993958,0.298939,64.9996,78.7917,1.70937,4,
18105,0.990265,0.29406,73.9885,73.075,-1.16204,4,
27229,0.931549,0.209589,75.9952,105.28,-1.65541,4,
27750,0.893372,0.214012,80.3497,133.043,3.67947,4,
27966,0.917877,0.20138,101.333,82.3837,-0.81934,4,
33774,0.721039,0.111497,72.6515,83.5974,0.401663,4,
27166,0.747681,0.123673,92.5168,158.578,-7.55874,4,
30327,0.583435,0.119165,100.439,48.0761,-5.01477,4,
37985,0.786346,0.201938,75.3433,50.3025,0.991282,4,
36231,0.787476,0.197924,91.7355,168.324,-1.41214,4,
34262,0.861816,0.207269,78.4119,90.6845,1.28155,4,
22288,0.886292,0.247917,73.5335,88.7393,4.04582,4,
24430,0.955597,0.292437,73.3728,43.3463,0.251907,4,
23948,0.924561,0.258581,64.6044,82.5383,2.19772,4,
34569,0.607391,0.128249,80.285,145.942,-1.20736,4,
41342,0.598328,0.144142,88.516,70.7009,-0.633371,4,
28572,0.698273,0.162477,80.2028,123.494,3.07765,4,
27948,0.916229,0.214159,110.318,44.4271,-0.549765,4,
32745,0.941986,0.210398,112.766,52.8129,-0.740699,4,
32772,0.91449,0.181955,111.579,55.5375,2.74139,4,
51197,0.55365,0.112248,79.6691,123.868,1.01992,4,
51038,0.71994,0.130999,109.252,50.1222,0.588535,4,
50899,0.453247,0.0858915,88.2108,120.246,5.2126,4,
34204,0.649475,0.103284,80.3129,46.3188,-1.47808,4,
37112,0.69519,0.107107,92.3672,79.6226,0.430428,4,
39374,0.764313,0.113323,80.8602,96.0149,2.8675,4,
29484,0.356659,0.0586131,81.7785,60.5866,5.33018,4,
29024,0.254852,0.0634542,70.7355,47.1861,0.371245,4,
35486,0.270294,0.0610089,65.3169,112.951,0.191054,4,
32930,0.936279,0.23405,88.6364,57.7345,1.47801,4,
38675,0.859406,0.252307,98.8975,80.2314,0.622283,4,
39614,0.92569,0.263499,93.1206,62.9926,-0.504391,4,
36518,0.772858,0.150994,59.7911,242.085,0.656998,4,
54802,0.658508,0.14314,115.694,101.596,1.49374,4,
47769,0.684296,0.140047,111.044,68.4266,1.41429,4,
38244,0.72403,0.14215,79.343,125.745,-0.589714,4,
15762,1,0.293718,48.8636,77.1384,4.05498,4,
16114,0.999969,0.236513,58.3588,94.9564,2.09312,4,
15586,1,0.282157,64.4339,191.611,-6.58795,4,
23155,0.698517,0.182096,69.5584,110.33,0.173184,4,
21533,0.750427,0.159503,59.0364,143.661,0.804415,4,
23165,0.767242,0.163758,65.7423,108.749,0.987363,4,
37777,1,0.344433,89.2964,191.658,0.468073,4,
29750,1,0.360176,74.7331,101.389,1.68268,4,
34582,1,0.338923,91.2377,105.99,-1.17308,4,
37890,0.519257,0.11093,81.3937,76.3641,0.107607,4,
27443,0.382599,0.0860183,116.176,65.1172,0.151449,4,
38375,0.572815,0.108343,98.8583,63.3016,-0.740833,4,
30826,0.874695,0.212743,74.4563,196.475,-0.965354,4,
33653,0.86615,0.150613,64.64,116.967,-0.569831,4,
34940,0.883667,0.167107,114.443,31.1331,-2.62957,4,
22573,0.840393,0.107068,117.013,77.9539,0.716549,4,
26782,0.687866,0.0989451,57.9699,157.84,-0.0804399,4,
41280,0.890472,0.199335,85.4231,80.1488,-0.559502,4,
23316,0.980438,0.255149,72.1807,154.123,-0.402069,4,
22729,0.954865,0.251646,47.5266,175.881,1.26286,4,
32893,1,0.236602,91.6335,152.975,1.41375,4,
21072,0.515808,0.0790755,72.4025,148.173,1.14996,4,
27791,0.492859,0.0790294,71.7984,125.008,0.378816,4,
24719,0.546631,0.0874132,66.2169,124.991,2.07125,4,
12756,1,0.339382,49.1141,160.615,-0.562955,4,
16807,1,0.368354,66.9909,72.8213,-0.616161,4,
18163,1,0.328607,63.2381,52.2191,2.16517,4,
16109,0.736938,0.17306,68.8047,138.307,1.04887,4,
15523,0.878571,0.177441,63.2734,190.904,1.82385,4,
16082,0.92392,0.181716,66.0162,169.929,2.65833,4,
30930,1,0.274624,94.1349,85.231,-2.26811,4,
29967,1,0.282228,75.9107,127.62,-0.995626,4,
36478,1,0.231489,92.9563,37.3872,0.0477178,4,
52897,1,0.366682,86.2953,220.935,-1.63146,4,
53374,1,0.367125,113.595,84.8683,0.485406,4,
56496,1,0.357474,102.234,73.9381,-0.676029,4,
42684,1,0.34792,92.2323,30.5108,-2.30323,4,
46574,1,0.357423,105.172,34.5601,2.26854,4,
44553,1,0.362844,103.223,23.3517,-0.740325,4,
76670,0.986969,0.313838,126.178,52.6395,1.41198,4,
73850,0.999817,0.317684,134.825,40.807,2.26122,4,
72343,0.944214,0.256223,134.898,50.5462,2.99423,4,
37112,0.847137,0.153015,59.0316,113.522,2.99704,4,
37519,0.968018,0.170488,97.7415,167.625,2.01629,4,
36140,0.769501,0.16116,104.693,84.3402,3.95394,4,
26095,0.334351,0.0612102,107.21,50.462,4.1066,4,
26915,0.283844,0.0463069,82.5538,143.792,2.39567,4,
28755,0.298584,0.0610751,70.7656,204.311,2.36248,4,
24320,0.326538,0.077851,111.609,81.9549,-0.613531,4,
33454,0.37973,0.0855849,68.8835,137.124,0.0262573,4,
34238,0.378326,0.0869979,76.8068,97.1889,1.86775,4,
20344,0.586334,0.110951,65.5231,198.348,0.720699,4,
22919,0.805725,0.128146,69.1852,94.3279,0.76202,4,
30211,0.777832,0.136238,84.6747,52.1128,-0.124063,4,
24469,0.899139,0.14054,67.95,53.8706,3.18083,4,
26087,0.945618,0.154179,88.3877,59.8349,-0.861359,4,
27009,0.959534,0.164099,81.5039,37.2814,0.715438,4,
49383,0.645752,0.102155,109.146,51.352,2.04112,4,
47135,0.588196,0.100408,98.8345,81.6742,1.73251,4,
48828,0.516327,0.0977837,111.633,41.4791,1.16053,4,
65743,0.806244,0.149248,120.662,44.2019,0.392984,4,
69101,0.786957,0.15093,133.167,45.8233,1.15634,4,
69333,0.798584,0.142969,127.744,89.089,-0.792416,4,
57655,0.698181,0.146804,98.8889,54.0193,-2.26603,4,
48644,0.66684,0.151984,96.1941,83.3427,-0.0480033,4,
57325,0.54892,0.117088,107.633,80.7345,-1.74459,4,
14894,0.593781,0.126253,78.2176,75.7069,-1.35788,4,
38542,0.999969,0.238141,100.488,26.4467,0.0474288,4,
39371,1,0.247912,87.9549,149.333,0.308928,4,
46775,0.425385,0.10608,103.875,77.945,-1.23422,4,
21497,0.773712,0.193099,68.7891,155.546,0.535484,5,
27615,0.877533,0.188031,112.995,165.258,5.03464,5,
23738,0.999969,0.1946,62.6257,75.2839,0.258513,5,
18514,0.973846,0.159354,68.7083,101.298,-0.687545,5,
16235,0.974182,0.204538,68.3633,54.1724,2.1254,5,
16297,0.979523,0.209074,74.2576,93.9202,0.241145,5,
23321,0.468811,0.116895,78.8217,173.1,2.4149,5,
22028,0.41568,0.0972188,101.396,25.6556,0.952832,5,
21185,0.562042,0.0960516,51.321,143.25,1.4416,5,
60524,0.554749,0.0734009,122.136,34.3747,0.74738,5,
59860,0.57489,0.0742256,125.979,63.7364,-0.220981,5,
64344,0.713379,0.113258,119.241,45.7764,3.88602,5,
39011,0.564911,0.11448,104.39,44.3709,3.08953,5,
33726,0.63266,0.107747,115.485,88.5022,1.07419,5,
37345,0.638397,0.102922,82.2082,137.643,-0.305659,5,
10301,0.793793,0.194689,56.8127,188.886,0.206429,5,
12863,0.947632,0.20037,46.512,164.154,0.83001,5,
9247,0.900696,0.259373,38.6329,85.2642,0.940701,5,
65315,0.680542,0.121162,135.649,86.2424,3.26029,5,
63896,0.600708,0.113203,113.721,73.123,-0.127886,5,
61764,0.619537,0.131862,126.934,37.1335,1.27753,5,
54769,0.819672,0.166223,117.939,92.5788,-0.389128,5,
51023,0.853607,0.176033,93.5302,85.7807,-1.69951,5,
51381,0.876099,0.172949,119.946,46.8469,1.40872,5,
22217,0.609741,0.17265,58.1084,128.732,1.24175,5,
21977,0.724426,0.182149,54.8454,85.0564,-0.314467,5,
23146,0.631744,0.165117,59.0188,169.429,1.48043,5,
31234,0.854065,0.128286,50.1773,153.013,0.757855,5,
19859,0.79129,0.113445,84.9931,97.2196,-3.24269,5,
21665,0.827209,0.144843,67.7001,59.2317,1.85274,5,
22075,0.654999,0.13549,90.3733,182.327,-3.44589,5,
19371,0.663849,0.14709,72.9787,105.558,-2.99152,5,
21754,0.552856,0.126127,72.1555,98.584,2.43554,5,
4261,0.485168,0.110317,38.5843,69.0184,1.62614,5,
3958,0.581604,0.112333,43.5681,140.976,0.885854,5,
4670,0.514252,0.08105,43.9125,195.231,-0.0312357,5,
26940,0.572937,0.129783,69.391,148.451,1.08113,5,
17498,0.592773,0.148291,56.2857,91.8079,5.04169,5,
23752,0.789703,0.156917,60.0761,73.1699,3.15404,5,
5103,0.902344,0.199638,38.8325,65.2547,-2.79823,5,
2565,0.767303,0.169081,38.6513,113.994,-0.104801,5,
2248,0.938507,0.196299,28.3838,123.595,-1.08391,5,
17082,0.851135,0.16744,79.06,42.274,-2.7057,5,
19536,0.780487,0.155333,74.065,52.1123,2.51008,5,
17254,0.859833,0.147114,52.5142,81.0153,-5.37649,5,
36269,0.644928,0.10092,92.0863,96.5701,-3.55625,5,
28117,0.566803,0.125807,94.0345,62.767,-1.53183,5,
30417,0.86261,0.120265,108.678,85.9989,-3.72665,5,
16426,0.471863,0.103902,62.9987,169.026,-1.00226,5,
16478,0.607666,0.124845,60.1922,117.525,-0.938449,5,
21238,0.498596,0.107718,86.5555,84.8821,0.900175,5,
31062,0.716278,0.0922532,66.2898,90.1405,-1.02592,5,
31808,0.498047,0.106871,69.1411,137.768,3.14786,5,
30328,0.515961,0.0887719,56.6169,183.191,-2.09007,5,
4925,0.999969,0.348694,40.5776,117.558,0.745675,5,
3927,1,0.232401,26.0117,134.563,2.93775,5,
2816,0.864319,0.178614,50.9651,134.005,-1.90748,5,
9328,0.886322,0.261923,38.9567,110.603,0.95007,5,
8460,0.912079,0.249822,35.7158,121.057,-1.37203,5,
10639,0.883667,0.252508,31.8501,127.562,0.341962,5,
25780,0.423828,0.0820198,103.561,109.021,1.26458,5,
21780,0.493988,0.0926837,89.2199,141.518,-0.584935,5,
23525,0.59137,0.0850201,81.6635,108.021,0.640215,5,
35305,0.429443,0.0990362,61.4699,95.6534,1.66427,5,
33773,0.356598,0.0548781,99.7078,102.884,-0.251838,5,
32188,0.450378,0.0693662,73.192,188.473,2.99975,5,
24717,0.583252,0.125128,62.6276,92.3558,5.80876,5,
23588,0.636475,0.138395,78.6595,68.3941,2.93865,5,
25895,0.710632,0.118171,99.2766,47.2023,0.0721838,5,
16039,0.643921,0.127274,89.9986,187.84,0.482567,5,
12867,0.685272,0.141499,74.7376,97.2435,0.00764266,5,
9695,0.735748,0.162744,81.5943,110.864,0.218801,5,
11034,1,0.342846,31.1654,105.796,-3.57463,5,
3449,1,0.329786,23.8782,234.116,1.95557,5,
12712,1,0.380261,41.9828,184.726,1.82877,5,
16254,0.656586,0.0910444,68.0053,118.991,1.97306,5,
20961,0.653809,0.0746557,52.6628,150.351,2.47552,5,
35350,0.556122,0.128504,120.217,57.5357,-1.23763,5,
37976,0.613647,0.132011,84.1917,152.716,1.08646,5,
33442,0.620331,0.134433,95.535,128.202,0.116273,5,
23158,0.737976,0.163552,87.1722,89.3924,0.767434,5,
26187,0.750763,0.151266,70.4337,82.6917,-0.75162,5,
22080,0.699677,0.163863,58.1164,77.0549,-0.0415262,5,
25461,0.634155,0.136273,102.227,90.0194,1.62663,5,
25004,0.725922,0.13616,77.2175,83.3506,-1.06314,5,
29656,0.720795,0.144219,73.8105,173.117,2.23735,5,
38198,0.637878,0.108323,108.832,56.6492,-0.0729396,5,
26360,0.576843,0.120158,122.512,53.4521,-2.03641,5,
22119,0.605591,0.118816,87.0432,93.0453,0.489526,5,
23786,0.819702,0.128212,70.0263,63.6804,-0.734511,5,
18035,0.671814,0.0966521,106.238,80.5687,-1.78393,5,
25654,0.637115,0.089808,68.3205,127.728,0.599836,5,
13209,0.952057,0.117071,70.9608,82.4855,2.46567,5,
18789,0.870239,0.0928636,70.8684,220.761,1.23685,5,
16420,0.68454,0.106913,79.057,79.343,3.58023,5,
14958,0.361694,0.0848145,44.8017,125.566,1.58251,5,
2788,0.217804,0.0204473,39.9102,171.693,0.110826,6,
3882,0.130035,0.0245245,23.1879,127.149,-0.677534,6,
2826,0.148773,0.028802,36.5005,155.302,-0.152582,6,
19636,0.783081,0.106193,66.9409,117.764,0.499001,6,
44133,0.647888,0.0973869,77.3369,117.924,1.24919,6,
45283,0.630157,0.124638,98.9515,114.272,-1.8019,6,
3981,0.387146,0.0570337,29.4707,124.662,-1.15945,6,
3133,0.0823364,0.0154322,23.9578,191.608,-4.12942,6,
3130,0.130188,0.0241857,38.8909,85.7113,-2.26705,6,
2352,0.158325,0.0331015,29.3047,116.317,0.861163,6,
2761,0.358582,0.0572593,38.7917,176.712,-0.265775,6,
2200,0.214905,0.0391248,15.3587,123.96,1.62779,6,
1981,0.217377,0.0518214,33.888,78.8509,0.906321,6,
2413,0.291962,0.0597269,29.1472,124.631,-1.01979,6,
2632,0.328156,0.0723757,30.8967,181.955,2.75655,6,
2412,0.290253,0.0509972,14.5109,180.578,-0.751938,6,
2142,0.253418,0.0529195,34.9003,151.751,-1.42471,6,
2363,0.347717,0.061608,27.9885,102.162,-0.789243,6,
2399,0.208801,0.0369932,23.0315,197.806,-0.54433,6,
2340,0.235474,0.0422731,16.5609,112.959,-2.70002,6,
2279,0.378265,0.0739562,34.9701,97.0322,-2.03297,6,
2112,0.216644,0.043303,17.1156,183.49,-0.32718,6,
1919,0.574829,0.0749533,43.3898,171.841,-1.28431,6,
2386,0.73407,0.0984799,34.2625,100.079,-0.873046,6,
2823,0.169556,0.0325162,35.3862,91.9078,0.103032,6,
3434,0.132263,0.0245618,28.8846,134.025,-0.0765013,6,
2983,0.0863647,0.0175044,16.272,92.0536,0.260845,6,
2957,0.293671,0.0436773,31.087,123.263,-2.49802,6,
2594,0.152374,0.0268322,19.4961,197.312,-7.28511,6,
2888,0.307526,0.0503317,37.7109,85.5739,-1.09081,6,
1876,0.223206,0.0385711,37.2475,78.0358,-1.31502,6,
2097,0.240692,0.0433925,26.5513,172.916,-0.503377,6,
2068,0.200195,0.039414,31.7075,94.8241,0.309132,6,
36173,0.61261,0.118167,118.017,50.2782,2.29136,6,
30125,0.621094,0.106342,90.7398,116.24,1.29434,6,
37050,0.628754,0.133677,104.889,90.4971,0.512838,6,
2294,0.188263,0.0313067,20.3238,70.791,-0.972798,6,
1790,0.33139,0.0467082,17.7261,150.226,-0.742707,6,
2018,0.177582,0.0309007,14.3004,180.549,-4.00385,6,
32062,0.607208,0.124107,91.8352,108.613,0.448879,6,
29274,0.962372,0.166761,45.9404,189.343,0.602535,6,
30386,0.877075,0.159784,149.564,78.4182,-0.0838245,6,
2948,0.360779,0.0650015,28.2494,78.8486,-2.08088,6,
2440,0.297516,0.0489373,28.1607,132.873,0.24551,6,
2280,0.367432,0.0408065,43.0706,88.4172,-1.58522,6,
4234,0.282135,0.0616044,33.5449,73.7294,1.50723,6,
5256,0.24295,0.0388838,28.0696,66.8546,-0.878898,6,
5260,0.308228,0.0456988,43.2051,50.0823,1.37048,6,
2169,0.321686,0.0557715,27.1756,165.99,-0.120098,6,
2570,0.434448,0.0852686,26.8523,185.322,-2.05479,6,
3726,0.434814,0.0744085,49.0794,89.968,-0.310569,6,
2447,0.342896,0.0743388,32.6122,90.4264,0.246212,6,
3162,0.155792,0.0416273,28.6234,147.07,-2.88133,6,
2189,0.188049,0.0434308,34.4167,61.7521,-1.39222,6,
2471,0.254364,0.0512078,27.639,213.45,-2.22579,6,
2119,0.304169,0.0715819,23.982,200.841,-0.0334048,6,
2083,0.434906,0.0750165,21.181,79.4847,-0.618548,6,
1943,0.211639,0.0406634,20.0517,80.1273,1.02882,6,
2292,0.495087,0.0818081,26.277,195.656,0.195161,6,
2320,0.150726,0.0345294,29.016,176.038,-0.96814,6,
3444,0.147064,0.0266367,19.7135,157.168,-6.96017,6,
3441,0.198608,0.0243534,18.9449,149.556,-6.59924,6,
3511,0.249817,0.0372869,27.5369,70.0274,-1.8596,6,
2748,0.458466,0.0515472,19.0768,116.854,-2.17204,6,
2121,0.487579,0.0579691,32.5116,91.6221,-1.36801,6,
2809,0.332855,0.0529869,54.344,125.929,-0.159868,6,
2233,0.224274,0.0512068,37.2032,106.057,-0.654597,6,
2285,0.140594,0.0380515,28.7272,119.579,-3.72103,6,
2131,0.107574,0.022004,28.6719,113.176,-1.53331,6,
2506,0.230957,0.0436644,19.053,73.7207,-0.526648,6,
2082,0.20462,0.0482033,27.9094,138.77,0.848136,6,
2158,0.291473,0.063149,18.371,56.8627,0.196814,6,
1760,0.270966,0.0731652,29.1868,221.04,-0.656099,6,
1740,0.506226,0.0710169,22.8987,126.05,1.89684,6,
1811,0.163239,0.0459157,28.6629,158.545,1.53427,6,
3957,0.234009,0.0350844,32.6577,120.689,-2.23018,6,
3212,0.16449,0.0219657,23.6917,177.51,-4.03944,6,
4743,0.249115,0.033755,25.2013,197.888,-3.57353,6,
3472,0.254944,0.0330045,43.1036,70.1249,0.983071,6,
4321,0.509918,0.0570093,29.4559,165.113,-0.323601,6,
3403,0.413544,0.0551591,33.609,114.42,0.285529,6,
3141,0.259888,0.0406989,29.8692,169.323,-1.63862,6,
3261,0.211395,0.0377993,36.1138,98.7418,-0.27115,6,
3361,0.257568,0.0425126,24.9955,87.6035,-1.46958,6,
2859,0.237,0.0419127,19.7788,165.284,-0.0984264,6,
2794,0.224579,0.0411653,21.8288,54.5182,-1.4921,6,
3495,0.17807,0.0336002,24.4159,101.745,0.690243,6,
1911,0.189209,0.0418163,20.2766,122.48,-3.86305,6,
2460,0.345001,0.0422273,35.4923,162.144,-0.382673,6,
2479,0.153778,0.0300111,24.1706,114.21,-1.37274,6,
2339,0.205902,0.0421849,24.4509,96.2248,1.32037,6,
2549,0.404724,0.0875368,31.8321,153.194,0.607851,6,
2269,0.313599,0.0579316,25.4749,225.367,-1.1954,6,
22835,0.529785,0.0970752,67.3037,80.7445,-0.0374642,6,
20849,0.488068,0.102611,78.891,73.4467,-0.42828,6,
22326,0.628082,0.112347,71.3435,95.8387,1.66569,6,
19366,0.582336,0.0908866,70.456,104.901,-1.23969,6,
15869,0.343323,0.0669897,57.3954,121.784,-0.412128,6,
27368,0.408752,0.0703168,61.8365,156.97,1.60051,6,
18634,0.632416,0.146182,78.548,150.984,0.487588,6,
19201,0.68631,0.172047,73.3903,92.1467,1.72806,6,
29430,0.664642,0.173867,78.8753,116.557,1.88482,6,
65583,0.282837,0.0431761,120.441,82.9355,0.08128,6,
66044,0.296082,0.0472008,152.608,112.65,2.01477,6,
71013,0.336121,0.0757471,137.297,70.9527,0.909381,6,
38710,0.606873,0.0760448,80.1682,110.009,1.31548,6,
25780,0.263214,0.0563367,97.1129,125.454,-1.19754,6,
39259,0.407715,0.0740356,111.668,147.137,2.94024,6,
32593,0.279938,0.050692,107.148,84.7159,-0.054378,6,
37978,0.504852,0.0703594,96.1497,84.0318,0.560334,6,
39455,0.317108,0.062467,107.103,62.6493,1.7299,6,
27670,0.417786,0.0922993,57.4398,177.134,1.32304,6,
32827,0.440094,0.107387,84.6086,131.784,0.990013,6,
43232,0.438202,0.0799264,75.3772,87.1875,1.00465,6,
29175,0.223755,0.0527908,102.107,57.5036,0.922943,6,
26700,0.285706,0.0599482,67.5478,80.2035,0.112669,6,
42265,0.404388,0.0795367,84.5943,43.2362,2.53974,6,
77002,0.840271,0.20996,98.8781,67.7122,-0.728264,6,
64480,0.698242,0.193091,100.879,70.7543,1.14217,6,
70929,0.812683,0.216866,122.907,95.2202,0.653957,6,
1818,0.683441,0.155221,35.5326,101.877,1.53778,6,
1294,0.633636,0.139077,17.7887,172.651,1.20513,6,
1667,0.756073,0.120867,24.6308,107.036,-0.581747,6,
72824,0.400635,0.108594,141.479,134.203,1.40659,6,
65860,0.3862,0.0876936,119.291,84.5925,1.24964,6,
69075,0.459351,0.111064,95.1777,83.1169,2.45361,6,
3251,0.286285,0.0763983,31.5513,193.808,-1.49839,6,
4072,0.209503,0.0396941,19.4281,85.3399,1.93963,6,
2247,0.459625,0.0706249,27.7333,138.667,0.0565117,6,
1564,0.618958,0.150597,42.3113,163.12,0.510379,6,
1713,0.556213,0.144357,34.6917,169.638,0.10791,6,
994,0.557831,0.150367,34.057,113.385,-1.23906,6,
1919,0.423737,0.0885742,23.8009,178.049,-0.642321,6,
1626,0.562073,0.119445,19.9567,178.006,-0.725164,6,
1905,0.58313,0.11659,48.3493,110.412,-0.021994,6,
58804,0.709717,0.147071,124.882,82.9677,-3.10646,6,
53318,0.396698,0.074466,124.427,72.9887,2.07798,6,
60742,0.0686951,0.0156524,109.05,120.985,1.44407,6,
24240,0.275238,0.0647342,130.737,66.669,-1.0507,6,
31268,0.38855,0.0735277,72.473,101.881,-1.39449,6,
30290,0.278259,0.0549954,109.438,103.419,0.0352587,6,
47176,0.13913,0.0315119,99.3698,103.461,-2.15321,7,
38944,0.125427,0.0382587,112.356,50.1599,0.286971,7,
53125,0.243652,0.0623568,112.412,25.3195,0.0206493,7,
52262,0.315094,0.0611957,114.303,39.1211,0.717873,7,
53725,0.358154,0.0802261,96.2008,60.0672,2.02614,7,
36279,0.250458,0.0507819,72.1607,138.065,0.865998,7,
35483,0.178253,0.0323335,48.7362,138.398,0.759695,7,
30630,0.337311,0.0512754,77.1233,131.251,1.32958,7,
43048,0.449127,0.0870802,100.857,68.1852,0.584789,7,
46435,0.559601,0.110486,97.4831,55.4453,-0.272724,7,
38219,0.613861,0.153621,78.9422,170.82,3.6084,7,
53778,0.333344,0.069413,123.845,34.2776,0.436227,7,
49041,0.433746,0.0787395,113.307,76.5219,0.525337,7,
51994,0.789642,0.149155,121.458,85.2445,1.86545,7,
67195,0.235535,0.057994,116.014,106.379,2.13487,7,
62367,0.152252,0.0406147,96.0061,95.0813,1.16363,7,
63206,0.315338,0.0606156,137.981,134.655,0.612428,7,
39614,0.545685,0.143707,97.4294,200.382,-2.73216,7,
50230,0.478546,0.0958953,104.132,98.4126,0.557945,7,
46490,0.0692139,0.0197466,60.797,157.299,0.605761,7,
75160,0.0496826,0.0125561,106.293,95.5637,0.267029,7,
37769,0.797516,0.138248,102.434,100.367,-0.543861,7,
44494,0.463837,0.0971399,101.175,161.222,1.20263,7,
48577,0.301056,0.0578206,123.877,61.3765,-1.31826,7,
60162,0.0954285,0.0216543,134.182,117.38,-0.0210832,7,
50810,0.186615,0.0455964,102.819,112.054,1.17127,7,
60443,0.23526,0.0575644,109.687,74.7121,-0.898547,7,
65682,0.334747,0.0730192,109.694,85.7727,-0.61931,7,
62424,0.25528,0.0845358,103.334,112.157,0.121629,7,
63428,0.176941,0.051426,114.215,69.7964,2.29179,7,
54954,0.129791,0.0268542,121.612,111.818,0.485803,7,
33336,0.334045,0.097599,123.778,137.17,0.824579,7,
52669,0.351807,0.093889,139.455,66.1673,0.676361,7,
62453,0.303802,0.0897667,124.581,117.935,1.78261,7,
56369,0.301666,0.0643726,106.112,104.363,0.636427,7,
2050,0.176453,0.038838,30.9399,151.634,0.894636,7,
2283,0.429657,0.075391,32.3874,76.8215,-0.185531,7,
2569,0.328064,0.0563117,22.0051,90.7168,3.95201,7,
16280,0.521484,0.0724465,77.1753,48.7365,1.67124,7,
19311,0.327454,0.0472044,63.8538,183.691,1.61114,7,
20806,0.228699,0.0309733,40.4483,85.0789,0.730184,7,
2051,0.418945,0.0971505,13.6455,117.113,-0.328314,7,
1762,0.318817,0.0747228,36.2594,105.527,-0.0203871,7,
2459,0.228271,0.0466866,47.0838,124.235,-0.487993,7,
26664,0.564178,0.149251,73.5195,222.171,0.750289,7,
44009,0.646057,0.146761,103.016,151.142,-1.16368,7,
34645,0.550537,0.11983,78.6044,199.76,2.28015,7,
7610,0.884277,0.204419,72.2859,55.4126,0.153008,7,
7244,0.799988,0.177986,46.8763,189.577,1.56847,7,
6957,0.948242,0.224711,41.8596,89.8298,-1.65991,7,
38080,0.171753,0.0348,129.98,52.7246,-0.516858,7,
40200,0.377777,0.0439135,123.134,23.93,-0.552437,7,
36298,0.301422,0.0488524,129.715,57.3274,0.380684,7,
59096,0.5224,0.0907154,100.841,46.5474,-0.494161,7,
67687,0.814301,0.174441,102.383,72.7116,0.439134,7,
45403,0.475128,0.0815165,96.1967,142.521,2.24869,7,
14699,0.891968,0.137649,54.6396,51.2926,1.03972,7,
17521,0.902405,0.175431,68.1908,173.559,-3.53711,7,
25001,0.940918,0.20669,57.1904,157.298,1.66221,7,
62483,0.719116,0.10504,105.368,118.545,-1.06516,7,
51699,0.699158,0.11817,84.4203,92.9516,-0.0778545,7,
43319,0.650482,0.106763,93.6874,81.843,2.31339,7,
4271,0.246552,0.0591254,36.5975,115.007,-2.17916,7,
3459,0.174744,0.0365093,30.5412,112.492,-1.62177,7,
2915,0.282196,0.0562131,38.8565,80.8619,-0.886392,7,
11159,0.466034,0.0794579,71.4643,73.4198,-4.59374,7,
7961,0.581848,0.0958241,41.065,101.534,0.0732791,7,
11282,0.51767,0.0741294,61.2449,76.776,1.18732,7,
3271,0.462646,0.101908,39.4979,71.7308,3.18415,7,
3003,0.414551,0.0911313,28.5478,149.491,0.390619,7,
3754,0.506012,0.116418,39.3987,84.2158,-0.445753,7,
1715,0.573883,0.141604,36.5861,170.634,2.59879,7,
3940,0.506073,0.133729,29.9635,116.491,-0.158556,7,
4050,0.608887,0.142088,20.6556,147.729,-0.796423,7,
3914,0.137238,0.025406,39.4107,96.7182,-3.34545,7,
6256,0.322296,0.0745108,38.3746,96.081,-3.36508,7,
5433,0.269257,0.0510389,47.0375,56.4697,1.43233,7,
3384,0.333252,0.0613069,33.5321,51.5998,-2.58307,7,
2995,0.292175,0.0497453,27.0192,71.3008,-2.35643,7,
2963,0.30188,0.0551208,36.3296,157.984,0.132521,7,
24145,0.85321,0.195556,103.11,76.2845,-1.45839,7,
16379,0.814819,0.176405,48.3812,232.685,0.328259,7,
21563,0.724152,0.178736,77.8357,32.0276,-3.11421,7,
15360,0.563751,0.0787975,48.8201,179.026,2.7079,7,
16583,0.193451,0.037958,63.5411,115.02,-0.356624,7,
22760,0.47998,0.0778308,64.3394,56.8701,1.43079,7,
3957,0.235413,0.047671,10.8325,253.491,-2.88267,7,
4185,0.322418,0.0436173,34.8264,72.9039,-3.98434,7,
3464,0.296753,0.0488765,36.2528,68.9667,-1.40802,7,
2268,0.21936,0.0394934,22.1581,85.7683,-1.00858,7,
2459,0.275421,0.0572829,20.5538,162.614,-0.69569,7,
1851,0.23172,0.0387106,25.853,81.1623,-2.33288,7,
3687,0.638306,0.08462,42.4708,118.185,-3.53021,7,
3484,0.171143,0.0200083,40.0715,61.3259,-1.7582,7,
3088,0.296356,0.069425,31.5036,115.507,1.02889,7,
3950,0.329956,0.0516859,20.4676,166.09,0.97908,7,
4761,0.354492,0.0624913,32.5787,45.5719,-1.50994,7,
2425,0.200378,0.0299359,33.4988,148.328,1.29939,7,
3859,0.249451,0.0544907,31.7071,69.8851,-0.996174,7,
5258,0.370728,0.0626097,20.7589,116.334,-2.54741,7,
4361,0.216003,0.0374488,21.601,136.074,-0.726733,7,
1458,0.165833,0.0500988,37.5648,128.444,-0.0740363,7,
1884,0.147156,0.0342348,27.3148,132.865,-1.26419,7,
1341,0.113007,0.0244655,35.6816,138.404,0.930259,7,
3435,0.410278,0.0826213,33.2978,93.347,-1.63679,7,
2810,0.41626,0.0744235,32.3435,87.3207,-2.35593,7,
3269,0.354462,0.0802846,42.2801,111.828,-1.98823,7,
1745,0.171631,0.0319708,25.5917,206.287,0.449566,7,
1895,0.187927,0.0303195,34.3479,222.449,-0.30721,7,
2136,0.253326,0.0412115,16.8095,196.397,0.891525,7,
30176,0.985291,0.143248,82.9471,55.5753,-0.589886,7,
26615,0.924377,0.16641,54.2991,43.1283,-1.78774,7,
24157,1,0.200828,63.2924,121.203,1.00843,7,
1739,0.272156,0.0489482,27.4173,95.0164,-0.397479,7,
1128,0.227844,0.0543864,13.7384,118.782,0.846712,7,
2307,0.609833,0.101009,18.1569,170.672,-2.14052,7,
3128,0.240936,0.0468016,17.3105,99.942,-1.88022,7,
3784,0.247314,0.0400978,48.2914,55.6102,-3.29042,7,
2795,0.182434,0.0322807,30.516,56.3418,-2.16943,7,
4773,0.333801,0.0680789,39.2981,83.3312,-0.883566,7,
5123,0.392303,0.062101,42.5759,111.114,-0.651956,7,
6073,0.378326,0.0684996,23.8095,111.931,-0.899381,7,
5003,0.446014,0.074526,34.4286,108.215,0.630939,7,
8595,0.826935,0.140813,45.2872,135.252,0.714509,7,
4812,0.485321,0.0807793,46.1311,79.7464,0.567915,7,
3477,0.196533,0.0460326,30.1585,81.4968,3.65068,7,
2931,0.2146,0.0546364,42.2609,163.355,-0.795375,7,
4975,0.384003,0.0950312,38.1053,159.165,-0.451634,7,
3168,0.185913,0.0507606,29.2834,89.84,-0.406628,7,
2296,0.250366,0.0615553,12.924,129.092,-0.877109,7,
2306,0.237244,0.0578218,15.4021,112.854,0.205962,7,
1960,0.140808,0.0206958,37.7152,84.3427,-1.66411,7,
2554,0.151306,0.0236448,26.3981,59.6586,1.76068,7,
2400,0.0970154,0.0188619,27.8739,118.185,-0.896741,7,
886,0.672729,0.127862,25.3952,182.167,0.119748,7,
1693,0.701691,0.181438,12.5401,125.126,0.338243,7,
813,0.713684,0.178555,22.0904,178.553,1.02304,7,
5798,0.619171,0.0808592,43.542,72.9317,0.724363,7,
6260,0.451996,0.0687569,34.2489,104.055,-0.785897,7,
6641,0.371704,0.0540297,40.8072,97.4737,2.30754,7,
1095,0.139465,0.0337675,42.0122,109.827,0.842782,7,
1581,0.281525,0.0532605,41.6776,74.9164,0.812527,7,
1954,0.491791,0.0848109,19.7295,143.337,1.01467,7,
3969,0.368317,0.0457869,34.3542,89.9148,-1.35717,7,
3934,0.240295,0.0442213,42.5852,85.2235,0.812827,7,
4029,0.309296,0.0422067,33.8047,124.197,-3.48044,7,
6275,0.290466,0.0717854,32.1056,72.383,-1.03581,7,
4594,0.383423,0.0646571,38.6214,81.1881,-2.67812,7,
4764,0.309113,0.0472891,40.699,134.542,-2.92374,7,
3631,0.263977,0.0311931,31.6457,58.1738,1.67044,7,
5433,0.537506,0.0904634,25.5744,178.35,-1.45678,7,
5836,0.436218,0.0997848,29.4759,126.019,-0.744412,7,
2374,0.884491,0.22515,35.8127,204.192,-0.937135,7,
2242,0.596405,0.133848,22.3561,139.186,0.259295,7,
2487,0.999969,0.162892,25.6612,41.6981,1.53894,7,
63755,0.732574,0.124479,77.7752,190.819,0.414944,7,
70110,0.999512,0.139109,159.685,189,1.5101,7,
68721,0.761139,0.136078,89.0381,119.43,-1.41173,7,
48972,0.71936,0.0814337,124.347,108.091,-2.11086,7,
43479,0.507721,0.0955356,105.198,137.296,-1.2127,7,
51214,0.478607,0.0741604,88.2838,93.4185,0.621108,7,
12982,0.442871,0.125367,50.6006,161.672,0.308788,7,
11431,0.422363,0.104595,57.5862,107.844,3.23219,7,
17831,0.61322,0.123208,79.8237,103.911,1.23012,7,
5762,0.564545,0.101638,47.3307,114.155,-0.173469,7,
3504,0.561523,0.121955,29.0999,160.734,0.790841,7,
4586,0.695648,0.136439,37.5323,207.611,1.8571,7,
51089,0.608521,0.114118,105.417,107.708,-0.573356,7,
43998,0.762848,0.141973,78.7744,186.852,-0.35502,7,
38319,0.719879,0.123109,81.4544,123.913,-0.393702,7,
47800,0.418152,0.0820782,103.752,114.024,-1.90733,7,
48790,0.510956,0.104127,110.549,97.1286,-2.71807,7,
51380,0.752899,0.120734,96.6799,39.0462,-4.03467,7,
39935,0.653107,0.131897,93.4883,50.1726,0.729127,7,
33046,0.471283,0.0713744,78.9375,141.795,0.827389,7,
47444,0.609436,0.0595867,129.866,62.7993,-1.29519,7,
58838,0.553711,0.0942601,116.657,30.2761,0.906218,7,
43080,0.53772,0.101717,126.419,187.29,0.930161,7,
43909,0.401154,0.0642059,102.227,70.4618,-0.130405,7,
47231,0.325287,0.0669842,120.502,47.2221,4.15914,7,
52341,0.408142,0.0626384,101.834,55.4111,2.4656,7,
47138,0.426208,0.0995423,114.456,96.5028,1.21387,7,
48514,0.642303,0.0960316,112.826,32.7673,3.69322,7,
37458,0.297546,0.0783541,101.054,120.753,-3.168,7,
30621,0.320892,0.0834252,75.8866,95.8351,0.238979,7,
45287,0.511566,0.108774,113.386,53.0211,-1.22834,7,
29588,0.447296,0.0639271,97.5723,58.1664,-0.802957,7,
45205,0.630859,0.10549,105.459,67.3189,0.852073,7,
10108,0.525696,0.115444,63.0726,71.0259,-3.15379,7,
12990,0.437408,0.0735222,39.8648,102.459,-1.41997,7,
8297,0.542084,0.0912678,56.2532,179.288,-1.79814,7,
5077,0.797638,0.118597,42.2057,142.333,1.5859,7,
3681,0.477753,0.0904556,45.5176,68.465,-0.866804,7,
4723,0.664154,0.0825422,37.3974,98.8907,-0.482726,7,
5318,0.909973,0.185775,22.8277,143.746,0.0300556,7,
2461,0.691223,0.152706,23.0798,144.026,-0.804005,7,
2688,0.888397,0.171952,39.8036,97.2523,0.205336,7,
61382,0.844269,0.176269,112.206,45.4979,-1.61476,7,
64440,0.867981,0.164938,126.984,104.72,0.733552,7,
71240,0.836395,0.16004,124.76,64.4296,-0.0302901,7,
1245,0.456085,0.108382,36.0051,137.024,0.41423,7,
851,0.517548,0.120801,26.9006,128.383,-0.222151,7,
1590,0.468048,0.140984,36.1722,160.798,0.751933,7,
56607,0.608612,0.109996,118.424,106.675,-1.15675,7,
55474,0.403961,0.0955033,121.99,123.693,0.45046,7,
62144,0.948364,0.132729,75.8048,163.684,0.344539,7,
3281,0.313385,0.0836596,38.1453,245.367,2.62685,7,
3841,0.229919,0.0551292,36.101,180.66,-0.363561,7,
2888,0.36853,0.0896193,60.8623,93.7419,-0.0243993,7,
28602,0.558777,0.0987663,95.7561,98.0483,1.78023,7,
31364,0.49942,0.0764676,56.8007,219.861,0.153556,7,
2410,0.476349,0.116632,38.7968,148.011,-0.137626,8,
2463,0.999969,0.141461,36.6145,98.7288,-0.805219,8,
2057,0.817963,0.134439,38.9567,163.153,-0.00292078,8,
1751,0.999969,0.204493,26.1381,79.0063,0.622055,8,
3439,0.266235,0.0627468,26.6398,137.311,1.52983,8,
2728,0.307709,0.0595205,36.1383,39.8356,-0.29711,8,
2655,0.346191,0.0731177,21.3517,84.1523,0.210181,8,
20475,0.502045,0.073296,65.8364,131.433,2.23199,8,
18440,0.485291,0.0808814,73.4724,86.6974,3.6779,8,
19737,0.521912,0.0782856,56.6163,175.659,3.61825,8,
41783,0.864136,0.125843,106.647,64.7427,4.08666,8,
42981,0.770508,0.123537,84.5028,104.247,1.04947,8,
45471,0.687561,0.118777,88.6509,83.6973,-1.26618,8,
2687,0.321198,0.055957,34.6444,54.3907,2.26516,8,
1810,0.436646,0.0515818,14.4013,110.101,0.791107,8,
2889,0.262329,0.0533395,37.9922,85.5529,0.808263,8,
5677,0.412811,0.0634912,42.4514,39.2896,-2.03966,8,
4513,0.403931,0.0511597,38.7547,47.5747,1.0765,8,
1583,0.328339,0.0463803,28.7508,50.0827,0.209773,8,
1253,0.454895,0.0489082,18.6147,109.563,2.09478,8,
1710,0.490295,0.071742,38.061,128.998,0.463165,8,
5099,0.364532,0.118417,42.6205,174.694,-1.19387,8,
5436,0.357849,0.0843623,55.4897,84.3425,0.281091,8,
4216,0.319275,0.118634,29.5283,65.5382,0.509343,8,
3580,0.65683,0.0890045,47.3203,113.53,-0.422399,8,
3710,0.358978,0.0677109,28.1895,88.4246,-1.27887,8,
3594,0.403381,0.0717965,33.494,95.7661,-0.144573,8,
5334,0.731354,0.150074,23.8388,245.956,-1.95278,8,
7358,0.520691,0.143417,42.0753,154.227,-1.27745,8,
2234,0.358429,0.0502912,31.1887,69.2932,1.11224,8,
2160,0.363007,0.0440716,27.3718,73.1594,0.376042,8,
2820,0.329773,0.0438435,16.4803,127.771,0.113988,8,
4379,0.538818,0.14645,40.8157,143.63,0.539562,8,
2155,0.473877,0.0761659,29.7937,117.427,0.774088,8,
1893,0.398804,0.0711614,27.8204,155.645,-1.40421,8,
1851,0.586884,0.196395,38.4893,183.196,-0.559624,8,
1471,0.272247,0.0578219,10.209,119.87,-3.54467,8,
1941,0.744202,0.121611,28.4049,216.214,0.208397,8,
1490,0.228302,0.0435353,14.4466,71.658,-2.23633,8,
1574,0.308533,0.049259,19.7383,61.1551,-0.331544,8,
1725,0.287872,0.0531781,25.3612,81.8119,-2.5585,8,
5611,0.426392,0.0566828,24.4752,99.9038,-2.29624,8,
4505,0.27121,0.0490229,42.278,52.1567,-3.21013,8,
3907,0.50769,0.0493957,38.8316,121.555,-0.474898,8,
4465,0.244873,0.0410331,27.7902,55.1947,0.731035,8,
3463,0.335358,0.0302234,43.0873,51.1221,-0.474327,8,
4188,0.355988,0.0543316,34.664,33.0915,0.194306,8,
27316,0.384399,0.0454729,93.5417,51.1617,0.467248,8,
30518,0.400269,0.0475663,99.0298,51.4456,-0.112292,8,
28342,0.413635,0.0576543,85.3913,64.7762,-0.510494,8,
3927,0.349701,0.0689305,36.7959,64.0793,0.334064,8,
3684,0.349884,0.0689349,24.6108,115.547,1.61688,8,
3650,0.484161,0.089642,32.0163,78.383,3.11821,8,
6526,0.728699,0.104103,30.556,69.1452,1.29978,8,
5803,0.826447,0.0877823,36.2008,201.331,-3.51182,8,
6398,0.770508,0.0904218,51.9745,86.2543,-3.43053,8,
29460,0.374084,0.0843335,50.9983,82.3189,0.311196,8,
39062,0.569946,0.057592,70.7889,79.4856,0.270986,8,
27489,0.525055,0.124852,72.7032,61.9908,0.540925,8,
5816,0.732117,0.169221,48.1714,141.13,-0.373917,8,
4475,0.388519,0.0677423,36.8279,106.995,2.3983,8,
3929,0.651703,0.119038,31.8627,118.112,-0.0928364,8,
2039,0.198059,0.0369612,29.4069,73.5821,-0.356302,8,
2320,0.274567,0.0383537,26.2998,148.092,-0.113866,8,
2684,0.273438,0.0473085,39.0447,104.348,0.619642,8,
2607,0.364502,0.0824283,19.3467,137.968,-2.33298,8,
1907,0.424347,0.060243,39.4578,136.092,0.217015,8,
1754,0.347778,0.0406659,16.8806,133.989,-1.70765,8,
3274,0.484467,0.0969559,30.258,127.608,-0.489171,8,
2424,0.237823,0.0501827,19.3883,69.6497,-0.757669,8,
3812,0.377197,0.0811003,30.3996,124.067,-2.07835,8,
2594,0.389374,0.0820667,26.9951,62.6994,2.71063,8,
1498,0.440063,0.0918181,24.4979,134.456,2.09225,8,
2934,0.463409,0.101604,27.0666,120.152,-1.63856,8,
30787,0.950897,0.118273,66.1402,193.598,1.61214,8,
31804,0.95993,0.128325,77.1686,35.8713,-3.88364,8,
25990,0.903931,0.142521,80.6328,110.37,-1.39749,8,
4234,0.542938,0.0874822,22.5765,128.064,-0.675066,8,
4473,0.428192,0.066249,31.8337,35.7908,-2.26829,8,
6861,0.45813,0.0981292,46.4507,108.819,3.24454,8,
5491,0.378723,0.0675639,38.0874,92.8612,-0.984783,8,
4233,0.477966,0.0673272,35.7599,56.1935,-4.11391,8,
3258,0.275848,0.0342451,26.7674,41.0406,0.520157,8,
3318,0.355469,0.0853129,23.2547,78.8378,-0.120923,8,
3079,0.205841,0.0350304,26.5728,94.7444,0.581657,8,
3373,0.378479,0.0657662,33.1018,77.9105,1.3105,8,
3088,0.524506,0.0759135,31.3312,193.119,-0.785817,8,
3015,0.382629,0.045687,32.6424,88.3101,0.377215,8,
2982,0.737396,0.0778577,29.531,66.9191,-2.16382,8,
1163,0.35437,0.0357901,36.6199,74.1504,-0.276457,8,
1752,0.265411,0.0427963,22.0736,74.0651,-1.06785,8,
1623,0.316223,0.0408449,45.5153,148.034,0.179634,8,
62764,0.262573,0.0481401,130.637,56.0426,-0.657705,8,
66644,0.173553,0.0403477,118.069,34.6378,0.484689,8,
61620,0.110901,0.0254124,133.504,55.5837,3.23185,8,
37446,0.768585,0.199167,88.567,34.2362,-2.70152,8,
40097,0.650177,0.118363,101.989,31.6173,-3.98516,8,
45439,0.603699,0.0812825,89.5217,97.6183,-1.90361,8,
62460,0.53479,0.0876811,116.855,55.5207,-2.62425,8,
58245,0.531525,0.0877666,95.0096,92.6147,0.510134,8,
60543,0.592773,0.0990197,84.2684,70.1138,0.413592,8,
8459,0.213928,0.0443305,48.8806,77.0261,2.67475,8,
4879,0.188629,0.0385611,15.4229,73.4563,1.22316,8,
7749,0.191925,0.0399739,44.8517,87.4738,0.719786,8,
19710,0.491913,0.0744679,135.046,101.483,-0.217677,8,
25754,0.390869,0.0645881,92.313,85.4103,0.311477,8,
26635,0.426544,0.0725609,81.6541,93.9169,2.42964,8,
5909,0.293762,0.0872836,35.0163,88.6327,2.7636,8,
6624,0.196899,0.04333,40.2909,113.627,-0.640036,8,
8318,0.392273,0.0854879,28.5945,117.019,-0.447066,8,
3851,0.368378,0.0295373,32.5337,69.4572,-2.22802,8,
4812,0.263306,0.0339213,31.075,54.7078,2.54521,8,
3687,0.326904,0.0289673,17.8202,113.314,0.132965,8,
4667,0.572418,0.14319,27.9756,103.924,-0.818878,8,
5450,0.60672,0.112751,36.5429,126.385,-1.46436,8,
4250,0.561676,0.114644,29.8422,219.081,-1.86929,8,
31166,0.549347,0.127904,52.4669,107.113,-0.371498,8,
18005,0.549011,0.132059,46.7942,205.848,0.28035,8,
21693,0.549347,0.130719,50.0159,173.189,0.857643,8,
3499,0.674316,0.0614365,31.3406,114.606,-0.751669,8,
3375,0.54718,0.0542031,29.1998,45.0194,0.3315,8,
3181,0.580261,0.0568673,35.8198,90.3983,-2.31928,8,
35279,0.919128,0.248493,60.8078,72.806,1.92873,8,
27216,0.713287,0.119254,99.4726,64.9954,-0.0639467,8,
44047,0.945099,0.193646,118.135,78.3912,1.19642,8,
4123,0.427216,0.105523,30.6041,140.794,5.18995,8,
2926,0.326202,0.0450666,35.9014,162.175,2.18125,8,
3025,0.522705,0.0790583,29.7341,129.748,2.98809,8,
7019,0.376129,0.0880731,32.332,86.4671,1.24913,8,
9489,0.299316,0.0554294,34.8829,69.2541,2.26854,8,
6402,0.294861,0.0624108,32.9678,84.8885,1.76112,8,
2511,0.580353,0.106969,35.7229,105.208,2.11859,8,
2800,0.543152,0.0796225,32.3261,46.3521,2.00665,8,
2813,0.422424,0.0823712,39.4806,95.6296,0.973546,8,
3592,0.231232,0.0434226,27.0589,124.059,-1.55794,8,
2649,0.217255,0.0363982,47.4221,134.302,0.506796,8,
2977,0.244324,0.0366321,17.2667,167.087,-1.46573,8,
15458,0.543793,0.0656939,60.4984,101.503,-0.394925,8,
12265,0.554321,0.0713641,67.5231,106.011,1.14377,8,
15122,0.653503,0.0929805,62.9024,92.8519,1.55276,8,
12049,0.562653,0.0919909,52.3611,57.1304,-0.783124,8,
7424,0.331268,0.052985,38.0288,87.9318,0.0334976,8,
10922,0.498413,0.0761686,57.467,71.8698,-3.75149,8,
2915,0.777679,0.200784,24.8293,235.807,0.709142,8,
2296,0.702087,0.181777,23.8856,248.399,-1.35127,8,
2493,0.575623,0.104237,32.9692,105.36,-0.901402,8,
45016,0.270996,0.0414481,115.656,38.604,0.702747,8,
38782,0.379211,0.0447622,109.198,106.273,2.42509,8,
48613,0.380737,0.0625445,115.768,66.6458,1.21562,8,
13485,0.202148,0.0376031,39.5364,102.426,2.47876,8,
12893,0.320953,0.0648086,35.8554,52.6013,3.62087,8,
15974,0.435913,0.0531627,73.8223,46.4232,-1.04586,8,
4457,0.356812,0.0470627,46.6805,75.0927,2.82401,8,
4620,0.339417,0.0633509,23.5635,57.3406,0.564632,8,
1155,0.219421,0.0424316,33.3756,139.118,0.841934,8,
30821,0.513458,0.119455,116.274,73.7281,-0.746229,9,
33095,0.380737,0.0793672,77.0917,116.422,-1.02114,9,
32017,0.352844,0.0869124,86.7175,78.6909,0.28905,9,
27875,0.545349,0.129296,90.2014,41.6184,0.210107,9,
27847,0.525055,0.114954,74.3542,122.365,-3.96059,9,
23152,0.573944,0.144462,86.1891,67.7258,-0.424985,9,
22162,0.589874,0.154407,77.9751,94.5607,0.996707,9,
29009,0.658325,0.129743,59.8076,122.704,0.347871,9,
31706,0.541931,0.1185,93.574,125.413,4.97344,9,
2949,0.48941,0.11477,41.8154,85.9058,-0.0353297,9,
4509,0.35199,0.0817033,36.3357,101.915,-0.570198,9,
4050,0.369781,0.0681033,41.368,125.531,0.0125736,9,
42298,0.49646,0.0932075,78.7245,117.86,4.37239,9,
62410,0.257477,0.0770153,168.343,129.224,-0.587535,9,
57453,0.292603,0.0660809,110.767,61.5232,0.596758,9,
1863,0.44693,0.0694328,23.7097,77.9935,0.948212,9,
2542,0.419098,0.0722469,29.249,117.238,0.50843,9,
3184,0.475586,0.067597,21.7774,54.8638,-1.48193,9,
13094,0.84964,0.125218,48.3053,125.194,-1.18946,9,
12629,0.965515,0.126169,47.5471,57.2156,2.09431,9,
14422,0.972931,0.187458,64.6916,81.8638,0.00694489,9,
6541,0.71524,0.141952,38.989,88.8538,1.16901,9,
7700,0.753357,0.163632,45.6254,66.4085,0.0429683,9,
1568,0.675232,0.148489,33.8584,168.836,0.518856,9,
1186,0.626251,0.152331,41.9099,175.693,-0.48001,9,
1537,0.757172,0.18312,36.1929,94.7369,-0.220101,9,
47191,0.52774,0.0898432,71.4169,91.1047,1.07734,9,
55597,0.545807,0.0872545,94.4109,87.2477,0.458654,9,
37138,0.524811,0.0947887,76.2565,83.3081,0.659598,9,
10784,0.413727,0.0770013,52.4359,62.3485,-0.541741,9,
12058,0.359985,0.0719257,34.8309,203.533,-0.356545,9,
10683,0.462799,0.0970967,50.0062,106.612,-1.06909,9,
1346,0.29303,0.0641283,24.6832,143.376,-1.35614,9,
2392,0.286987,0.0541968,34.5412,131.755,0.59654,9,
2251,0.365143,0.051707,16.4392,140.677,0.235415,9,
25566,0.688782,0.106281,54.2249,120.671,0.790938,9,
25398,0.587067,0.101646,86.123,110.252,1.88763,9,
28287,0.513214,0.082155,73.3145,48.9937,1.97082,9,
21600,0.72467,0.18408,62.1129,56.4409,1.29755,9,
33235,0.728088,0.121917,87.4078,91.6521,1.8583,9,
27033,0.746307,0.166951,72.7456,83.1442,-0.73242,9,
36532,0.554688,0.104241,93.0319,63.163,0.0323475,9,
39348,0.712097,0.119646,100.722,85.9364,-2.8283,9,
32726,0.7146,0.119414,87.8771,133.531,-6.73967,9,
20057,0.361755,0.0576146,69.8348,73.9033,1.77086,9,
23179,0.53891,0.0710394,46.8474,143.991,1.10034,9,
22355,0.418304,0.0783623,45.7105,233.003,-1.02409,9,
2831,0.320862,0.0574725,40.8306,175.938,1.67552,9,
2672,0.314362,0.0604412,38.7899,215.468,-0.696592,9,
3877,0.414307,0.0632023,25.9126,197.693,0.679604,9,
27008,0.368774,0.0843193,92.0403,82.9608,-0.702205,9,
28817,0.495544,0.0963711,62.1185,70.269,-2.23753,9,
24470,0.500366,0.102191,87.6863,80.581,0.927358,9,
27022,0.610413,0.146959,95.7509,52.1827,0.809117,9,
29285,0.703094,0.152884,83.8107,113.696,-0.46046,9,
36983,0.682312,0.132602,89.4113,112.714,1.05224,9,
34429,1,0.193481,92.4967,78.914,2.40072,9,
30109,0.939148,0.198126,80.062,79.6932,1.89261,9,
31697,0.996094,0.20273,73.6876,101.364,-0.85763,9,
34014,0.187561,0.0368,103.41,124.951,-1.33088,9,
31953,0.185577,0.0394549,80.339,88.2788,0.314429,9,
35188,0.156464,0.0320638,92.1826,52.4217,0.457283,9,
42258,0.184357,0.0324376,80.2082,88.4418,-0.817109,9,
37076,0.223236,0.0465553,80.6493,57.5016,0.858431,9,
42531,0.343781,0.0709112,92.5563,86.0764,3.08947,9,
66282,0.629242,0.16872,137.53,91.5512,-0.48745,9,
76556,0.904114,0.218031,107.731,48.1053,0.370479,9,
58088,0.879913,0.242696,143.006,30.2363,-0.137663,9,
30769,0.429779,0.0788252,90.8438,72.2095,-1.77574,9,
36689,0.63147,0.110148,85.6558,53.0847,1.62077,9,
34252,0.502594,0.0949663,109.316,76.7281,1.71032,9,
18526,0.412689,0.0906726,54.138,138.776,-0.236236,9,
19527,0.404816,0.0838156,47.0816,60.916,-1.32129,9,
12475,0.430603,0.0960979,55.7437,130.58,-0.876591,9,
1564,0.145538,0.0325108,30.5156,196.196,-0.209736,9,
1877,0.191223,0.0379304,23.6066,142.702,2.30999,9,
1603,0.222992,0.0445524,19.8895,189.003,2.56939,9,
1602,0.330109,0.0860188,37.0482,102.159,0.230903,9,
2521,0.402496,0.0864932,28.6381,139.447,0.189401,9,
1766,0.283752,0.0690682,27.439,128.854,-0.775149,9,
2109,0.902344,0.187368,23.9521,69.0672,2.3599,9,
2720,0.924805,0.178215,22.0184,100.751,0.942001,9,
3308,0.927704,0.197963,16.1991,133.663,1.16433,9,
62856,0.590088,0.111936,119.94,59.8904,1.95123,9,
53886,0.504974,0.109815,98.8764,100.912,-1.88741,9,
53136,0.577576,0.124051,114.864,62.848,-1.48958,9,
39907,1,0.226235,126.45,114.107,0.219937,9,
33664,1,0.208805,59.7874,230.275,-0.377933,9,
34164,1,0.2403,100.083,34.9815,1.3263,9,
47313,0.598572,0.112278,108.305,121.279,-1.10661,9,
38954,0.476074,0.10239,74.5948,52.2092,0.0459471,9,
30629,0.458588,0.1036,63.7999,189.285,0.160031,9,
18910,0.865509,0.159536,104.488,44.4652,1.59424,9,
21577,0.881714,0.14967,78.8003,75.908,1.07173,9,
18840,0.870758,0.158942,76.6574,155.39,-1.3986,9,
28664,0.213989,0.0476985,81.5172,121.266,0.0319583,9,
29409,0.492371,0.115612,80.6713,59.534,0.356403,9,
32646,0.319763,0.0664078,96.0652,74.5682,-1.2984,9,
30001,0.566833,0.094576,70.6755,78.6306,-1.01348,9,
28525,0.453125,0.0547087,83.0094,70.1796,-0.212324,9,
26762,0.509705,0.068271,72.8531,131.246,0.810637,9,
34330,0.758972,0.143136,103.091,51.5697,0.586318,9,
33333,0.802124,0.153498,77.6176,48.1036,-6.38571,9,
32422,0.722504,0.145653,58.7592,93.0267,0.98122,9,
49474,0.324646,0.0577527,93.8231,96.7462,2.76794,9,
43492,0.292206,0.0684437,75.76,100.819,1.21212,9,
27312,0.261475,0.039557,62.2093,123.152,-0.0376385,9,
29327,0.991211,0.220269,99.2366,42.3993,0.951052,9,
29844,0.996582,0.245988,89.9689,50.9275,0.289883,9,
28668,0.999969,0.226296,88.6933,57.4937,3.93606,9,
24723,0.794067,0.190938,72.8503,55.014,-0.998018,9,
20059,0.802734,0.083267,66.8015,83.9638,-0.466746,9,
36247,0.924103,0.110143,92.2786,72.7452,1.03367,9,
44125,0.297363,0.0812352,65.1899,95.4483,1.93006,9,
35341,0.333221,0.0756196,56.6385,131.419,0.638695,9,
37184,0.296875,0.070099,60.3464,108.353,2.28689,9,
45031,1,0.309191,93.3162,179.675,0.257651,9,
47197,1,0.305939,120.79,40.9599,0.071521,9,
41477,1,0.31801,106.98,52.4095,0.114962,9,
29767,0.627747,0.101741,109.816,85.8098,0.117266,9,
33954,0.949738,0.120404,77.125,38.2721,-2.12154,9,
35665,0.879059,0.103588,85.0009,81.532,2.76279,9,
6105,0.867157,0.161402,36.4831,106.912,0.00121441,9,
6508,0.7258,0.159491,38.9995,151.371,-2.07283,9,
6031,0.766266,0.170448,39.275,119.454,0.0278795,9,
36762,0.142609,0.0321289,93.0952,184.411,1.18317,9,
35348,0.14621,0.0388305,63.5102,152.955,0.11657,9,
23103,0.134796,0.0301878,75.2476,198.389,1.46517,9,
33368,0.872101,0.179891,84.9737,89.3547,-1.10072,9,
30547,0.94989,0.17987,89.1454,153.493,-3.56021,9,
28345,0.941406,0.17406,94.8098,76.808,-0.440481,9,
21560,0.549896,0.12064,74.9339,64.9553,0.364711,9,
25615,0.615143,0.0935116,66.9955,48.0536,3.04584,9,
26704,0.565521,0.113271,73.2702,95.6968,1.281,9,
59653,0.216278,0.0523965,115.995,102.98,-0.477428,9,
40735,0.331329,0.0775043,103.619,108.439,0.257792,9,
48098,0.302734,0.0630377,119.041,70.0243,-0.20407,9,
17350,0.999969,0.171868,99.7895,51.5491,0.377276,9,
23356,1,0.214473,56.6603,126.003,0.598143,9,
14900,0.999969,0.279254,44.4192,226.673,3.1509,9,
35742,0.961273,0.183583,81.8506,88.2185,-2.01778,9,
38410,0.948334,0.202633,85.1866,94.0839,1.75373,9,
34988,1,0.148814,83.3869,99.2585,1.45687,9,
33789,0.553009,0.117406,72.1992,113.949,1.49023,9,
39394,0.625916,0.109515,91.1476,55.1523,0.0980042,9,
45916,0.561951,0.100131,88.165,51.176,1.81284,9,
21316,0.233154,0.0443987,79.9195,118.52,0.641488,9,
28032,0.319214,0.0472834,92.2128,115.211,-3.39953,9,
27557,0.170654,0.0394299,67.3694,80.8228,-2.38411,9,
23974,1,0.249412,71.8136,131.588,3.16825,9,
27295,0.99231,0.219938,65.9531,80.2791,0.12105,9,
26703,0.997498,0.239498,67.9914,61.5691,0.684932,9,
34074,0.629059,0.0993252,78.6137,165.868,0.331934,9,
34378,0.695068,0.0998996,85.9632,126.068,2.5324,9,
32307,0.725739,0.109378,96.2294,60.4039,-1.05738,9,
27440,0.587555,0.122498,65.2424,231.124,-0.754136,9,
27067,0.635712,0.131235,64.7249,161.456,3.62849,9,
30550,0.674347,0.135101,93.5027,27.9591,3.18685,9,
28648,1,0.28472,60.9267,174.196,1.44496,9,
24350,0.655823,0.161305,84.5002,166.28,0.168761,9,
25645,0.551514,0.154542,73.0355,176.944,-1.03861,9,
44565,0.687469,0.155657,61.4445,163.453,0.700872,9,
45283,0.639252,0.165862,92.2108,45.6461,4.25974,9,
42443,0.665497,0.143334,93.5345,61.2287,2.30009,9,
33055,0.380554,0.0840579,83.9956,82.7817,0.335762,9,
32109,0.45874,0.101318,101.263,111.706,-2.67115,9,
44480,0.496307,0.0911439,126.961,59.1613,-4.38668,9,
45871,0.41153,0.0764184,115.767,79.8234,1.03954,9,
34928,0.517334,0.116236,66.6335,85.1323,0.51671,9,
24137,0.463623,0.117306,77.6741,127.523,1.96321,9,
41008,0.720032,0.0993882,103.871,97.5522,0.735182,9,
37062,0.778656,0.123152,108.101,27.8505,-0.992138,9,
41026,0.477966,0.0787193,104.917,92.2957,-2.09036,9,
23846,0.159607,0.0368625,70.29,73.8325,2.81253,9,
45728,0.224701,0.0556721,55.2877,117.782,1.03034,9,
38314,0.145508,0.0341743,83.7572,60.6625,-0.0685623,9,
42031,0.240814,0.028967,95.4076,43.2737,-0.115273,9,
28857,0.202759,0.0690563,92.8806,153.674,-1.28364,9,
42877,0.16925,0.0344112,98.5414,158.026,-0.232391,9,
11617,0.42569,0.0858731,53.7575,208.083,2.22806,9,
11870,0.50531,0.0938441,76.3973,135.789,0.177761,9,
28348,0.999969,0.176315,93.7361,92.9846,-1.279,9,
39125,0.415497,0.0642016,75.666,56.1984,0.835907,9,
37419,0.4133,0.0845778,78.4584,101.773,2.89885,9,
38434,0.52121,0.118464,91.6866,50.801,0.0310379,9,
50518,0.662628,0.0987679,67.3004,174.806,-0.481514,9,
51903,0.687927,0.118316,110.955,73.8384,-0.0520353,9,
54176,0.60498,0.109256,109.351,54.7161,1.59332,9,
21908,0.32605,0.0868959,72.2813,88.7791,1.36465,9,
27556,0.306519,0.0682331,63.5578,113.659,1.20402,9,
31748,0.408051,0.10126,78.8172,58.7085,2.22087,9,
33317,0.220795,0.0615958,78.3916,142.282,2.08665,9,
47424,0.272797,0.0541131,111.409,69.3217,1.72398,9,
48536,0.359314,0.0739716,113.484,77.3286,-0.932018,9,
26612,1,0.295092,77.6899,129.647,1.19989,9,
22760,1,0.268167,63.9807,138.221,-2.179,9,
26614,1,0.309658,97.0048,73.3498,-0.173661,9,
40634,0.461639,0.090714,108.326,96.0583,3.05426,9,
57875,0.416199,0.0824148,137.807,107.666,-0.855663,9,
39250,0.425262,0.0854849,93.6914,124.856,0.592244,9,
24979,0.535736,0.132398,53.1242,162.463,0.50401,9,
15996,0.364532,0.0477881,62.6197,113.33,-0.0823955,9,
24051,0.604858,0.112057,95.5926,100.028,-3.01265,9,
42694,0.2742,0.0312009,93.5583,81.8746,-0.134573,9,
44051,0.278931,0.0387895,101.726,32.9127,-0.52335,9,
44361,0.233704,0.0357521,103.598,35.0466,-1.53356,9,
58567,0.986084,0.202821,119.826,85.4358,-0.424247,9,
54757,0.774994,0.169101,111.291,82.1775,1.38893,9,
49099,0.763733,0.202583,92.0899,100.923,0.414101,9,
20588,1,0.256375,54.7739,96.7975,-0.108635,9,
18543,1,0.29397,69.5787,67.2709,1.55727,9,
22187,1,0.289993,69.6621,80.0659,-0.873661,9,
27052,0.533936,0.103581,86.5516,111.53,0.630998,10,
2161,0.782257,0.163211,45.0391,81.1679,0.247131,10,
1827,0.834137,0.188658,25.4569,91.6046,2.53273,10,
2313,0.745789,0.142429,26.1924,119.636,0.743379,10,
12034,0.409821,0.08327,93.7365,47.5917,-2.44737,10,
14361,0.355774,0.0727488,87.4677,135.28,1.44234,10,
9872,0.49408,0.110425,44.7242,145.312,0.373497,10,
31560,0.985931,0.231065,126.442,141.108,0.640192,10,
34988,0.981262,0.20608,73.0592,71.96,1.33366,10,
24200,1,0.229168,60.729,161.128,0.53868,10,
22909,0.910919,0.144627,75.5798,70.6873,0.080856,10,
30623,0.7258,0.119792,86.7573,75.0949,2.292,10,
17270,0.822723,0.17129,56.1119,88.4979,-1.84668,10,
8027,0.437256,0.0841177,37.6443,127.994,0.10941,10,
11488,0.530975,0.100726,45.7398,147.688,1.90051,10,
18748,0.461182,0.104449,57.9237,95.4623,1.60548,10,
16161,0.910187,0.264308,51.5813,91.2386,3.14553,10,
21158,0.899506,0.244448,77.3464,93.6241,2.1576,10,
18926,0.888672,0.259598,78.0292,177.433,1.04665,10,
42229,1,0.140709,113.559,77.3088,1.42927,10,
44194,0.999176,0.125387,112.85,40.4528,2.20082,10,
35175,0.995483,0.222894,69.4776,120.717,0.937588,10,
38994,0.960815,0.184108,90.1359,84.8026,-0.653144,10,
35462,0.991821,0.195408,115.92,102.505,-1.86106,10,
21597,0.894806,0.204242,71.2186,166.112,0.171685,10,
24665,0.927216,0.188824,70.646,223.794,-4.12458,10,
25924,0.912384,0.19876,59.0663,124.567,1.67894,10,
17965,0.271301,0.0663889,84.0154,133.226,3.56748,10,
21690,0.482697,0.0722155,58.1019,95.6281,-0.617655,10,
25575,0.357483,0.0741346,77.0796,113.1,3.03987,10,
16759,0.677917,0.123739,47.6635,119.353,0.961113,10,
12932,0.787933,0.100373,46.8016,156.419,1.2329,10,
15013,0.726593,0.111821,42.9077,129.6,0.672715,10,
14411,0.440033,0.0936765,47.4509,85.8422,-0.206516,10,
10118,0.390656,0.100844,50.9425,229.061,0.0205197,10,
12303,0.518982,0.10623,63.3763,41.7377,4.29484,10,
21215,1,0.231779,92.167,215.312,0.375236,10,
26640,1,0.23635,62.9366,137.685,0.634698,10,
17858,1,0.241403,74.4627,70.8218,-2.33155,10,
35929,0.85318,0.152845,88.5761,31.6343,-0.381813,10,
42055,0.871765,0.154807,105.68,133.596,0.22704,10,
39981,0.895111,0.146949,94.7475,41.8751,0.331844,10,
41523,0.910553,0.135788,104.416,57.8618,0.119618,10,
35882,0.56546,0.116957,101.2,53.7464,0.709766,10,
43680,0.691559,0.140605,109.37,91.5393,-0.370929,10,
36122,0.261353,0.0555875,72.7672,70.9182,1.01983,10,
18085,0.252228,0.0558934,51.5911,216.726,2.82808,10,
32302,0.362579,0.0540873,84.8276,94.0247,2.861,10,
17994,1,0.345513,49.951,204.83,0.105852,10,
22758,1,0.341993,71.1087,121.41,1.40549,10,
16150,1,0.354558,66.3158,178.307,-3.35475,10,
49680,0.882507,0.190461,69.8977,70.5363,-0.364309,10,
46849,0.989502,0.237011,109.122,79.1036,3.00249,10,
52051,0.946564,0.212628,136.497,82.1149,1.66525,10,
32495,0.830261,0.114728,95.14,118.122,-1.42094,10,
35834,0.798004,0.0947151,87.3944,120.832,-0.609016,10,
28983,0.8013,0.129796,67.5554,153.62,-0.811778,10,
28796,1,0.247216,74.663,117.89,-1.05632,10,
31468,1,0.255494,92.0677,64.3101,0.109173,10,
37662,1,0.291307,109.697,33.1732,-1.57393,10,
48828,0.735046,0.123571,74.9624,127.623,0.735208,10,
54330,0.71344,0.128287,89.638,87.4429,1.51988,10,
7124,0.145172,0.027786,35.4741,81.6762,1.51682,10,
11103,0.251892,0.0410668,44.6697,131.023,-0.208255,10,
15063,0.194611,0.036457,45.8879,111.375,-0.250925,10,
51437,0.275024,0.0456719,89.1993,52.6345,5.99957,10,
36017,0.65799,0.0974583,75.2325,83.2831,2.36181,10,
37729,0.637878,0.120932,82.2016,71.4048,2.39817,10,
22335,0.436432,0.133552,69.1105,47.1438,0.879114,10,
19424,0.573181,0.151163,54.009,165.435,-3.91681,10,
41803,0.389557,0.075162,62.1657,138.668,1.0862,10,
7231,0.720978,0.128786,42.4947,56.1538,2.02226,10,
6679,0.716919,0.149226,25.5162,65.1876,1.80752,10,
8038,0.644958,0.161411,43.3136,135.895,0.273536,10,
25692,0.676178,0.135971,58.8632,158.899,0.671219,10,
30068,0.717041,0.12484,71.0145,75.0912,1.33587,10,
29659,0.575684,0.123244,91.5505,78.7923,0.364627,10,
27946,0.929657,0.155106,88.0886,43.8131,-1.54434,10,
26835,0.990967,0.207061,78.4649,59.2046,-2.59572,10,
36804,0.866974,0.139534,113.435,28.3419,1.32739,10,
32734,0.802612,0.168036,97.0006,160.977,2.73874,10,
36769,0.969147,0.205563,92.8009,107.261,3.2526,10,
30748,0.961365,0.208501,67.0971,133.839,0.87185,10,
27363,0.984741,0.256763,62.4763,200.314,-0.0850724,10,
26494,0.986603,0.256427,89.6722,171.243,-1.69932,10,
37341,0.718964,0.136317,108.032,74.9367,0.705084,10,
43436,0.300934,0.0484978,84.7635,47.0443,-0.995763,10,
39487,0.273987,0.0545936,84.0042,75.2362,1.17514,10,
35800,0.311218,0.0715225,87.7976,69.6967,-1.08688,10,
37280,0.416321,0.0849192,106.748,44.1737,0.108543,10,
18416,0.467377,0.119011,51.7268,140.548,2.34917,10,
38024,0.519714,0.0977917,69.3941,200.878,2.05401,10,
23416,0.521301,0.107953,74.1793,143.808,3.0837,10,
27314,0.567871,0.106439,87.8852,160.642,1.16647,10,
30049,0.465485,0.107303,74.2509,141.784,0.526032,10,
33831,0.819733,0.19028,69.1847,95.3612,0.893145,10,
44864,0.846466,0.155334,92.068,127.007,-0.61491,10,
44532,0.864136,0.168749,83.6962,103.291,1.0919,10,
114683,0.580933,0.119258,199.993,146.129,1.04012,10,
110459,0.9039,0.197225,155.289,33.6509,-1.76185,10,
115366,0.546692,0.120298,159.489,207.443,-0.472571,10,
15646,0.401886,0.0883972,51.2056,110.818,2.62323,10,
15780,0.643066,0.10831,46.7909,87.504,0.818793,10,
16082,0.800385,0.123231,49.2772,217.162,0.996281,10,
25868,0.597992,0.13319,91.3448,77.5221,-3.70594,10,
24270,0.653351,0.135654,69.7233,50.369,-0.397546,10,
22992,0.616882,0.135554,98.9044,34.479,-2.2207,10,
28647,0.946533,0.150325,81.5156,81.2705,-0.253766,10,
28551,0.936432,0.163518,89.2283,110.488,0.958636,10,
27420,0.78772,0.165314,54.0247,190.221,1.81073,10,
34191,0.430359,0.0708769,74.4122,54.8799,0.81636,10,
19153,0.364868,0.0703869,31.1122,72.7183,0.624345,10,
36008,0.274933,0.0424828,53.9399,63.4574,2.04347,10,
30229,0.555847,0.127368,87.3798,80.0143,0.419022,10,
14219,0.424774,0.117094,55.8591,93.6082,0.455541,10,
11330,0.595093,0.132282,51.9177,76.5071,-2.4126,10,
14009,0.814606,0.187772,69.06,92.3635,-1.99382,10,
16654,0.690552,0.1322,53.4509,169.395,-1.06037,10,
20272,0.721436,0.10957,38.1829,86.3023,3.20178,10,
31606,0.840698,0.184435,74.7057,53.8816,-0.251192,10,
23619,0.926483,0.20175,69.1765,54.22,5.01055,10,
32029,0.866791,0.16373,77.7194,92.2962,1.74115,10,
23177,0.543762,0.0770873,60.3028,222.3,0.910657,10,
24482,0.619507,0.079501,86.8693,214.196,0.600707,10,
20244,0.56543,0.0921166,73.1118,100.561,1.29597,10,
28347,0.777039,0.137274,57.8914,218.695,-0.724359,10,
30872,0.701904,0.130897,58.0048,98.3978,1.8873,10,
25276,0.68927,0.131347,51.8799,106.35,1.57398,10,
9482,0.584351,0.159552,42.6147,96.2343,-0.80353,10,
16757,0.622467,0.169364,48.2363,126.463,-0.492156,10,
21068,0.712097,0.132251,80.9672,192.629,-0.301137,10,
31656,0.908752,0.192101,96.4007,109.31,-0.871204,10,
34289,0.958649,0.22075,94.549,46.8735,-2.68734,10,
45329,0.920624,0.23802,96.016,70.7462,-1.7941,10,
26741,0.510284,0.10399,62.6921,77.2302,2.92538,10,
24006,0.699402,0.141663,96.7405,135.436,0.316514,10,
35448,0.944122,0.187661,116.479,86.4064,1.13852,10,
34044,0.876251,0.199458,91.5786,86.9835,2.63759,10,
36256,0.789032,0.185027,83.5211,56.881,2.02857,10,
44150,0.667236,0.1605,107.695,86.3051,-0.0524938,10,
34462,0.60318,0.166776,78.8657,89.5055,0.379867,10,
46535,0.727753,0.180115,97.7077,192.773,-1.28669,10,
51709,0.855042,0.218802,114.201,42.5217,-0.508654,10,
36577,1,0.371294,73.4646,37.879,0.359613,10,
39760,1,0.360782,99.126,69.7831,-2.02343,10,
32486,1,0.360031,114.625,29.8122,-3.66914,10,
36026,0.699921,0.135963,78.5473,122.032,0.706706,10,
35468,0.886963,0.137098,91.1802,75.8493,0.942706,10,
35352,0.649536,0.131083,115.333,96.0717,-0.65476,10,
12089,0.824554,0.176748,64.5874,105.28,1.32654,10,
15939,0.999969,0.18328,55.9604,92.8925,-0.519404,10,
9154,0.899872,0.200667,70.1147,91.7532,1.44284,10,
16309,0.999969,0.173925,73.8884,78.0786,-0.358377,10,
16943,0.514465,0.101637,57.6357,137.935,0.365095,10,
17276,0.727631,0.14342,59.3964,60.9507,1.76215,10,
18254,0.994324,0.302515,63.4557,62.8867,0.649228,10,
18439,0.989136,0.314058,61.7336,72.3408,-0.554796,10,
19239,0.986511,0.2927,61.5215,169.176,0.23639,10,
35336,0.715271,0.165045,65.0857,63.1034,3.35219,10,
31505,0.805298,0.181305,83.0162,116.694,5.87952,10,
35141,0.743408,0.173542,96.7422,78.9437,2.17367,10,
48674,0.449524,0.0668915,136.351,69.1563,2.7002,10,
51799,0.366699,0.0629455,93.9568,72.005,0.75606,10,
23399,0.290771,0.070071,95.4364,178.972,-1.8021,10,
36538,0.451996,0.0479433,79.6812,92.1207,-1.00352,10,
17629,0.780212,0.150848,55.643,149.909,4.75075,10,
29083,0.811188,0.195734,77.5991,55.4074,-0.803154,10,
31234,0.444366,0.148866,98.2919,70.9408,-0.306836,10,
24455,0.432861,0.111839,68.8057,112.723,0.612563,10,
26228,0.423889,0.111102,91.7422,125.315,-3.41667,10,
41332,0.459473,0.0782427,93.0831,141.324,1.4121,10,
45852,0.332642,0.0634042,79.6104,71.895,1.33897,10,
25885,0.530182,0.0853808,59.5482,147,4.83988,10,
24991,0.999969,0.265265,70.908,104.441,-0.499647,10,
24060,1,0.252597,82.9201,156.027,-1.27495,10,
22948,1,0.2807,84.9138,118.467,0.0018723,10,
47418,0.214783,0.0441613,84.987,91.6057,1.57416,10,
62501,0.193695,0.0427317,104.948,133.778,4.20163,10,
41262,0.216827,0.0515201,117.02,100.911,-0.497091,10,
27216,0.989532,0.232483,81.8092,132.559,0.254408,10,
22278,0.977844,0.290249,92.452,63.1504,0.943787,10,
32776,0.646088,0.163453,75.9939,155.049,1.53867,10,
10359,0.999969,0.296999,42.9678,220.071,-1.81482,10,
9687,0.999969,0.304886,40.7037,137.253,-0.16106,10,
18056,0.995026,0.299723,50.0027,147.923,0.811794,10,
34972,0.619415,0.121478,72.3112,51.0801,-2.23795,10,
42533,0.837036,0.148428,74.3795,109.811,2.13668,10,
44166,0.935974,0.184074,108.929,59.6847,1.67371,10,
32494,0.711609,0.110551,71.871,66.4988,0.946889,10,
37426,0.923676,0.105992,90.8842,111.621,0.621665,10,
32672,0.798767,0.119937,109.707,63.6996,0.130097,10,
23076,0.971375,0.183614,92.4177,75.6311,-0.330259,10,
26124,0.875,0.169794,62.8973,118.571,-0.483926,10,
25196,0.911316,0.13994,82.6401,198.976,-3.5629,10,
35310,0.737335,0.136607,94.2093,154.846,3.45312,10,
35933,0.693939,0.13787,88.443,168.174,-1.74826,10,
28447,0.843567,0.157736,69.0069,74.1514,-0.0429915,10,
33323,1,0.235237,95.694,62.2626,0.559896,10,
22310,1,0.268026,62.7163,219.513,0.149208,10,
29239,1,0.287294,68.4973,110.918,-1.05876,10,
18939,0.918213,0.21773,72.6619,143.416,0.679924,10,
17484,0.911469,0.253645,66.8379,79.155,0.688085,10,
20586,0.842041,0.226334,41.7541,64.8425,1.09278,10,
35035,1,0.377102,71.6394,111.323,0.361214,10,
48430,1,0.261708,75.9043,88.0521,2.02772,10,
35530,1,0.28339,71.7586,83.4667,0.858402,10,
33766,0.766785,0.138128,67.1901,77.5033,0.602173,10,
33011,0.636749,0.131299,83.427,86.9362,-0.230368,10,
32198,0.636536,0.136865,86.7266,62.9518,2.27199,10,
24637,0.555389,0.139591,58.2341,131.188,0.649033,10,
24333,0.754791,0.166372,63.6644,113.81,1.50101,10,
24775,0.734467,0.164385,89.1463,72.1885,1.11378,10,
22241,1,0.276477,78.6606,137.651,2.26175,10,
23026,1,0.308231,77.1261,168.825,-0.360565,10,
29244,1,0.296882,76.9508,135.595,-0.272726,10,
41068,1,0.351927,91.1604,116.597,-1.08174,10,
41954,1,0.346675,96.4434,104.468,1.47065,10,
37527,1,0.360493,88.1189,92.8515,-0.470086,10,
12581,0.912384,0.0836495,36.5351,79.5391,-0.20898,10,
14186,0.544769,0.0637926,26.1056,100.888,1.36256,10,
26849,0.761841,0.0638599,52.0487,46.4512,2.41323,10,
17419,0.983246,0.142555,54.3774,167.893,-0.899182,10,
15398,0.744843,0.125829,49.057,109.775,0.669779,10,
13179,0.984161,0.169694,48.6782,109.896,0.341105,10,
39267,0.783905,0.14962,93.037,75.2335,-0.402338,10,
40674,0.707733,0.141854,106.285,120.898,1.97951,10,
51164,0.690277,0.133371,92.2909,194.13,3.59627,10,
34903,1,0.303433,74.8185,184.357,3.50069,10,
32194,1,0.305923,81.0755,63.9961,3.73874,10,
35552,1,0.319334,97.5086,98.9282,-0.264326,10,
37966,0.822784,0.200278,86.7772,55.903,-0.749821,10,
38654,1,0.349428,117.949,52.8401,-2.21949,10,
36347,1,0.35651,84.3469,69.6284,1.7544,10,
20770,1,0.243834,85.2963,133.946,-1.95794,10,
16003,1,0.309319,41.4812,82.4066,2.11264,10,
20329,1,0.247171,55.5097,99.9474,-0.866117,10,
37279,0.619171,0.0899824,111.83,66.1868,-2.32289,10,
45682,0.596985,0.0928232,131.466,115.16,2.35583,10,
37037,0.674866,0.0999573,89.7666,55.1396,0.887498,10,
29239,0.533295,0.0800867,112.96,87.8123,-0.14429,10,
39962,0.285858,0.0598244,72.4988,104.618,3.66507,10,
33168,0.494781,0.0799694,67.8012,128.181,-2.40729,10,
34197,0.450195,0.0913078,74.7277,151.267,0.651903,10,
32877,0.382446,0.0934656,77.9035,80.6046,-0.315621,10,
32417,0.539734,0.114662,68.3916,116.984,-0.121186,10,
30826,0.618011,0.139303,101.85,49.6595,-0.474063,10,
25470,0.72995,0.16159,93.6766,54.528,0.493826,10,
31612,0.591919,0.128565,74.8422,121.791,1.05587,10,
37375,0.604523,0.143597,86.3345,113.397,0.649641,10,
